image,language,genuine
c_001_1.png,chinese,true
c_001_10.png,chinese,true
c_001_11.png,chinese,true
c_001_12.png,chinese,true
c_001_13.png,chinese,true
c_001_14.png,chinese,true
c_001_15.png,chinese,true
c_001_16.png,chinese,true
c_001_17.png,chinese,true
c_001_18.png,chinese,true
c_001_19.png,chinese,true
c_001_2.png,chinese,true
c_001_20.png,chinese,true
c_001_21.png,chinese,true
c_001_22.png,chinese,true
c_001_23.png,chinese,true
c_001_24.png,chinese,true
c_001_3.png,chinese,true
c_001_4.png,chinese,true
c_001_5.png,chinese,true
c_001_6.png,chinese,true
c_001_7.png,chinese,true
c_001_8.png,chinese,true
c_001_9.png,chinese,true
c_002_1.png,chinese,true
c_002_10.png,chinese,true
c_002_11.png,chinese,true
c_002_12.png,chinese,true
c_002_13.png,chinese,true
c_002_14.png,chinese,true
c_002_15.png,chinese,true
c_002_16.png,chinese,true
c_002_17.png,chinese,true
c_002_18.png,chinese,true
c_002_19.png,chinese,true
c_002_2.png,chinese,true
c_002_20.png,chinese,true
c_002_21.png,chinese,true
c_002_22.png,chinese,true
c_002_23.png,chinese,true
c_002_24.png,chinese,true
c_002_3.png,chinese,true
c_002_4.png,chinese,true
c_002_5.png,chinese,true
c_002_6.png,chinese,true
c_002_7.png,chinese,true
c_002_8.png,chinese,true
c_002_9.png,chinese,true
c_003_1.png,chinese,true
c_003_10.png,chinese,true
c_003_11.png,chinese,true
c_003_12.png,chinese,true
c_003_13.png,chinese,true
c_003_14.png,chinese,true
c_003_15.png,chinese,true
c_003_16.png,chinese,true
c_003_17.png,chinese,true
c_003_18.png,chinese,true
c_003_19.png,chinese,true
c_003_2.png,chinese,true
c_003_20.png,chinese,true
c_003_21.png,chinese,true
c_003_22.png,chinese,true
c_003_23.png,chinese,true
c_003_24.png,chinese,true
c_003_3.png,chinese,true
c_003_4.png,chinese,true
c_003_5.png,chinese,true
c_003_6.png,chinese,true
c_003_7.png,chinese,true
c_003_8.png,chinese,true
c_003_9.png,chinese,true
c_004_1.png,chinese,true
c_004_10.png,chinese,true
c_004_11.png,chinese,true
c_004_12.png,chinese,true
c_004_13.png,chinese,true
c_004_14.png,chinese,true
c_004_15.png,chinese,true
c_004_16.png,chinese,true
c_004_17.png,chinese,true
c_004_18.png,chinese,true
c_004_19.png,chinese,true
c_004_2.png,chinese,true
c_004_20.png,chinese,true
c_004_21.png,chinese,true
c_004_22.png,chinese,true
c_004_23.png,chinese,true
c_004_24.png,chinese,true
c_004_3.png,chinese,true
c_004_4.png,chinese,true
c_004_5.png,chinese,true
c_004_6.png,chinese,true
c_004_7.png,chinese,true
c_004_8.png,chinese,true
c_004_9.png,chinese,true
c_005_1.png,chinese,true
c_005_10.png,chinese,true
c_005_11.png,chinese,true
c_005_12.png,chinese,true
c_005_15.png,chinese,true
c_005_16.png,chinese,true
c_005_17.png,chinese,true
c_005_18.png,chinese,true
c_005_19.png,chinese,true
c_005_2.png,chinese,true
c_005_20.png,chinese,true
c_005_21.png,chinese,true
c_005_22.png,chinese,true
c_005_23.png,chinese,true
c_005_3.png,chinese,true
c_005_4.png,chinese,true
c_005_5.png,chinese,true
c_005_6.png,chinese,true
c_005_7.png,chinese,true
c_005_8.png,chinese,true
c_005_9.png,chinese,true
c_006_1.png,chinese,true
c_006_10.png,chinese,true
c_006_11.png,chinese,true
c_006_12.png,chinese,true
c_006_13.png,chinese,true
c_006_14.png,chinese,true
c_006_15.png,chinese,true
c_006_16.png,chinese,true
c_006_17.png,chinese,true
c_006_18.png,chinese,true
c_006_2.png,chinese,true
c_006_20.png,chinese,true
c_006_21.png,chinese,true
c_006_22.png,chinese,true
c_006_23.png,chinese,true
c_006_3.png,chinese,true
c_006_4.png,chinese,true
c_006_5.png,chinese,true
c_006_6.png,chinese,true
c_006_7.png,chinese,true
c_006_8.png,chinese,true
c_006_9.png,chinese,true
c_007_1.png,chinese,true
c_007_10.png,chinese,true
c_007_11.png,chinese,true
c_007_12.png,chinese,true
c_007_13.png,chinese,true
c_007_14.png,chinese,true
c_007_15.png,chinese,true
c_007_16.png,chinese,true
c_007_17.png,chinese,true
c_007_18.png,chinese,true
c_007_19.png,chinese,true
c_007_2.png,chinese,true
c_007_20.png,chinese,true
c_007_21.png,chinese,true
c_007_22.png,chinese,true
c_007_23.png,chinese,true
c_007_24.png,chinese,true
c_007_3.png,chinese,true
c_007_4.png,chinese,true
c_007_5.png,chinese,true
c_007_6.png,chinese,true
c_007_7.png,chinese,true
c_007_8.png,chinese,true
c_007_9.png,chinese,true
c_008_1.png,chinese,true
c_008_10.png,chinese,true
c_008_11.png,chinese,true
c_008_12.png,chinese,true
c_008_13.png,chinese,true
c_008_14.png,chinese,true
c_008_15.png,chinese,true
c_008_16.png,chinese,true
c_008_17.png,chinese,true
c_008_18.png,chinese,true
c_008_19.png,chinese,true
c_008_2.png,chinese,true
c_008_20.png,chinese,true
c_008_21.png,chinese,true
c_008_22.png,chinese,true
c_008_23.png,chinese,true
c_008_24.png,chinese,true
c_008_3.png,chinese,true
c_008_4.png,chinese,true
c_008_5.png,chinese,true
c_008_6.png,chinese,true
c_008_7.png,chinese,true
c_008_8.png,chinese,true
c_008_9.png,chinese,true
c_009_1.png,chinese,true
c_009_10.png,chinese,true
c_009_11.png,chinese,true
c_009_12.png,chinese,true
c_009_13.png,chinese,true
c_009_14.png,chinese,true
c_009_15.png,chinese,true
c_009_16.png,chinese,true
c_009_17.png,chinese,true
c_009_18.png,chinese,true
c_009_19.png,chinese,true
c_009_2.png,chinese,true
c_009_20.png,chinese,true
c_009_21.png,chinese,true
c_009_22.png,chinese,true
c_009_23.png,chinese,true
c_009_24.png,chinese,true
c_009_3.png,chinese,true
c_009_4.png,chinese,true
c_009_5.png,chinese,true
c_009_6.png,chinese,true
c_009_7.png,chinese,true
c_009_8.png,chinese,true
c_009_9.png,chinese,true
c_0100003_1.png,chinese,false
c_0100003_10.png,chinese,false
c_0100003_11.png,chinese,false
c_0100003_12.png,chinese,false
c_0100003_2.png,chinese,false
c_0100003_3.png,chinese,false
c_0100003_4.png,chinese,false
c_0100003_5.png,chinese,false
c_0100003_6.png,chinese,false
c_0100003_7.png,chinese,false
c_0100003_8.png,chinese,false
c_0100003_9.png,chinese,false
c_0101004_1.png,chinese,false
c_0101004_10.png,chinese,false
c_0101004_11.png,chinese,false
c_0101004_12.png,chinese,false
c_0101004_2.png,chinese,false
c_0101004_3.png,chinese,false
c_0101004_4.png,chinese,false
c_0101004_5.png,chinese,false
c_0101004_6.png,chinese,false
c_0101004_7.png,chinese,false
c_0101004_8.png,chinese,false
c_0101004_9.png,chinese,false
c_0103002_1.png,chinese,false
c_0103002_10.png,chinese,false
c_0103002_11.png,chinese,false
c_0103002_12.png,chinese,false
c_0103002_13.png,chinese,false
c_0103002_2.png,chinese,false
c_0103002_3.png,chinese,false
c_0103002_4.png,chinese,false
c_0103002_6.png,chinese,false
c_0103002_7.png,chinese,false
c_0103002_8.png,chinese,false
c_0103002_9.png,chinese,false
c_0104006_1.png,chinese,false
c_0104006_11.png,chinese,false
c_0104006_12.png,chinese,false
c_0104006_2.png,chinese,false
c_0104006_3.png,chinese,false
c_0104006_4.png,chinese,false
c_0104006_5.png,chinese,false
c_0104006_6.png,chinese,false
c_0104006_7.png,chinese,false
c_0104006_8.png,chinese,false
c_0104006_9.png,chinese,false
c_0108008_1.png,chinese,false
c_0108008_10.png,chinese,false
c_0108008_11.png,chinese,false
c_0108008_12.png,chinese,false
c_0108008_2.png,chinese,false
c_0108008_3.png,chinese,false
c_0108008_4.png,chinese,false
c_0108008_5.png,chinese,false
c_0108008_6.png,chinese,false
c_0108008_7.png,chinese,false
c_0108008_8.png,chinese,false
c_0108008_9.png,chinese,false
c_0109001_1.png,chinese,false
c_0109001_10.png,chinese,false
c_0109001_11.png,chinese,false
c_0109001_12.png,chinese,false
c_0109001_2.png,chinese,false
c_0109001_3.png,chinese,false
c_0109001_4.png,chinese,false
c_0109001_5.png,chinese,false
c_0109001_6.png,chinese,false
c_0109001_7.png,chinese,false
c_0109001_8.png,chinese,false
c_0109001_9.png,chinese,false
c_0109002_1.png,chinese,false
c_0109002_10.png,chinese,false
c_0109002_11.png,chinese,false
c_0109002_2.png,chinese,false
c_0109002_3.png,chinese,false
c_0109002_4.png,chinese,false
c_0109002_5.png,chinese,false
c_0109002_6.png,chinese,false
c_0109002_7.png,chinese,false
c_0109002_8.png,chinese,false
c_0109003_1.png,chinese,false
c_0109003_10.png,chinese,false
c_0109003_11.png,chinese,false
c_0109003_12.png,chinese,false
c_0109003_2.png,chinese,false
c_0109003_3.png,chinese,false
c_0109003_4.png,chinese,false
c_0109003_5.png,chinese,false
c_0109003_6.png,chinese,false
c_0109003_7.png,chinese,false
c_0109003_8.png,chinese,false
c_0109003_9.png,chinese,false
c_0109004_1.png,chinese,false
c_0109004_10.png,chinese,false
c_0109004_11.png,chinese,false
c_0109004_12.png,chinese,false
c_0109004_2.png,chinese,false
c_0109004_3.png,chinese,false
c_0109004_4.png,chinese,false
c_0109004_5.png,chinese,false
c_0109004_6.png,chinese,false
c_0109004_7.png,chinese,false
c_0109004_8.png,chinese,false
c_0109004_9.png,chinese,false
c_0109005_10.png,chinese,false
c_0109005_11.png,chinese,false
c_0109005_12.png,chinese,false
c_0109005_13.png,chinese,false
c_0109005_14.png,chinese,false
c_0109005_3.png,chinese,false
c_0109005_4.png,chinese,false
c_0109005_5.png,chinese,false
c_0109005_8.png,chinese,false
c_0109005_9.png,chinese,false
c_0109006_1.png,chinese,false
c_0109006_10.png,chinese,false
c_0109006_11.png,chinese,false
c_0109006_12.png,chinese,false
c_0109006_2.png,chinese,false
c_0109006_3.png,chinese,false
c_0109006_4.png,chinese,false
c_0109006_5.png,chinese,false
c_0109006_6.png,chinese,false
c_0109006_7.png,chinese,false
c_0109006_8.png,chinese,false
c_0109006_9.png,chinese,false
c_0109007_10.png,chinese,false
c_0109007_11.png,chinese,false
c_0109007_2.png,chinese,false
c_0109007_3.png,chinese,false
c_0109007_4.png,chinese,false
c_0109007_5.png,chinese,false
c_0109007_6.png,chinese,false
c_0109007_7.png,chinese,false
c_0109007_8.png,chinese,false
c_0109007_9.png,chinese,false
c_010_1.png,chinese,true
c_010_10.png,chinese,true
c_010_11.png,chinese,true
c_010_12.png,chinese,true
c_010_13.png,chinese,true
c_010_14.png,chinese,true
c_010_15.png,chinese,true
c_010_16.png,chinese,true
c_010_17.png,chinese,true
c_010_18.png,chinese,true
c_010_19.png,chinese,true
c_010_2.png,chinese,true
c_010_20.png,chinese,true
c_010_21.png,chinese,true
c_010_22.png,chinese,true
c_010_23.png,chinese,true
c_010_24.png,chinese,true
c_010_3.png,chinese,true
c_010_4.png,chinese,true
c_010_5.png,chinese,true
c_010_6.png,chinese,true
c_010_7.png,chinese,true
c_010_8.png,chinese,true
c_010_9.png,chinese,true
c_0110005_1.png,chinese,false
c_0110005_10.png,chinese,false
c_0110005_11.png,chinese,false
c_0110005_12.png,chinese,false
c_0110005_2.png,chinese,false
c_0110005_3.png,chinese,false
c_0110005_4.png,chinese,false
c_0110005_5.png,chinese,false
c_0110005_6.png,chinese,false
c_0110005_7.png,chinese,false
c_0110005_8.png,chinese,false
c_0110005_9.png,chinese,false
c_0110009_1.png,chinese,false
c_0110009_10.png,chinese,false
c_0110009_11.png,chinese,false
c_0110009_12.png,chinese,false
c_0110009_2.png,chinese,false
c_0110009_3.png,chinese,false
c_0110009_4.png,chinese,false
c_0110009_5.png,chinese,false
c_0110009_6.png,chinese,false
c_0110009_7.png,chinese,false
c_0110009_8.png,chinese,false
c_0110009_9.png,chinese,false
c_0111010_10.png,chinese,false
c_0111010_11.png,chinese,false
c_0111010_12.png,chinese,false
c_0111010_2.png,chinese,false
c_0111010_3.png,chinese,false
c_0111010_4.png,chinese,false
c_0111010_5.png,chinese,false
c_0111010_6.png,chinese,false
c_0111010_7.png,chinese,false
c_0111010_8.png,chinese,false
c_0111010_9.png,chinese,false
c_0112004_1.png,chinese,false
c_0112004_10.png,chinese,false
c_0112004_11.png,chinese,false
c_0112004_12.png,chinese,false
c_0112004_2.png,chinese,false
c_0112004_3.png,chinese,false
c_0112004_4.png,chinese,false
c_0112004_5.png,chinese,false
c_0112004_6.png,chinese,false
c_0112004_7.png,chinese,false
c_0112004_8.png,chinese,false
c_0112004_9.png,chinese,false
c_0112010_1.png,chinese,false
c_0112010_10.png,chinese,false
c_0112010_11.png,chinese,false
c_0112010_12.png,chinese,false
c_0112010_2.png,chinese,false
c_0112010_3.png,chinese,false
c_0112010_4.png,chinese,false
c_0112010_5.png,chinese,false
c_0112010_6.png,chinese,false
c_0112010_7.png,chinese,false
c_0112010_8.png,chinese,false
c_0112010_9.png,chinese,false
c_0113001_1.png,chinese,false
c_0113001_10.png,chinese,false
c_0113001_11.png,chinese,false
c_0113001_12.png,chinese,false
c_0113001_2.png,chinese,false
c_0113001_3.png,chinese,false
c_0113001_4.png,chinese,false
c_0113001_5.png,chinese,false
c_0113001_6.png,chinese,false
c_0113001_7.png,chinese,false
c_0113001_8.png,chinese,false
c_0113001_9.png,chinese,false
c_0113003_1.png,chinese,false
c_0113003_10.png,chinese,false
c_0113003_11.png,chinese,false
c_0113003_12.png,chinese,false
c_0113003_2.png,chinese,false
c_0113003_3.png,chinese,false
c_0113003_4.png,chinese,false
c_0113003_5.png,chinese,false
c_0113003_6.png,chinese,false
c_0113003_7.png,chinese,false
c_0113003_8.png,chinese,false
c_0113003_9.png,chinese,false
c_0113005_1.png,chinese,false
c_0113005_10.png,chinese,false
c_0113005_11.png,chinese,false
c_0113005_12.png,chinese,false
c_0113005_2.png,chinese,false
c_0113005_3.png,chinese,false
c_0113005_4.png,chinese,false
c_0113005_5.png,chinese,false
c_0113005_6.png,chinese,false
c_0113005_7.png,chinese,false
c_0113005_8.png,chinese,false
c_0113005_9.png,chinese,false
c_0113006_1.png,chinese,false
c_0113006_10.png,chinese,false
c_0113006_11.png,chinese,false
c_0113006_12.png,chinese,false
c_0113006_2.png,chinese,false
c_0113006_3.png,chinese,false
c_0113006_4.png,chinese,false
c_0113006_5.png,chinese,false
c_0113006_6.png,chinese,false
c_0113006_7.png,chinese,false
c_0113006_8.png,chinese,false
c_0113006_9.png,chinese,false
c_0113007_1.png,chinese,false
c_0113007_10.png,chinese,false
c_0113007_11.png,chinese,false
c_0113007_12.png,chinese,false
c_0113007_2.png,chinese,false
c_0113007_3.png,chinese,false
c_0113007_4.png,chinese,false
c_0113007_5.png,chinese,false
c_0113007_6.png,chinese,false
c_0113007_7.png,chinese,false
c_0113007_8.png,chinese,false
c_0113007_9.png,chinese,false
c_0113009_1.png,chinese,false
c_0113009_10.png,chinese,false
c_0113009_11.png,chinese,false
c_0113009_12.png,chinese,false
c_0113009_2.png,chinese,false
c_0113009_3.png,chinese,false
c_0113009_4.png,chinese,false
c_0113009_5.png,chinese,false
c_0113009_6.png,chinese,false
c_0113009_7.png,chinese,false
c_0113009_8.png,chinese,false
c_0113009_9.png,chinese,false
c_0114008_1.png,chinese,false
c_0114008_10.png,chinese,false
c_0114008_11.png,chinese,false
c_0114008_12.png,chinese,false
c_0114008_2.png,chinese,false
c_0114008_3.png,chinese,false
c_0114008_4.png,chinese,false
c_0114008_5.png,chinese,false
c_0114008_6.png,chinese,false
c_0114008_7.png,chinese,false
c_0114008_8.png,chinese,false
c_0114008_9.png,chinese,false
c_0116001_1.png,chinese,false
c_0116001_10.png,chinese,false
c_0116001_11.png,chinese,false
c_0116001_12.png,chinese,false
c_0116001_2.png,chinese,false
c_0116001_3.png,chinese,false
c_0116001_4.png,chinese,false
c_0116001_5.png,chinese,false
c_0116001_6.png,chinese,false
c_0116001_7.png,chinese,false
c_0116001_8.png,chinese,false
c_0116001_9.png,chinese,false
c_0116002_1.png,chinese,false
c_0116002_10.png,chinese,false
c_0116002_11.png,chinese,false
c_0116002_12.png,chinese,false
c_0116002_2.png,chinese,false
c_0116002_3.png,chinese,false
c_0116002_4.png,chinese,false
c_0116002_5.png,chinese,false
c_0116002_6.png,chinese,false
c_0116002_7.png,chinese,false
c_0116002_8.png,chinese,false
c_0116002_9.png,chinese,false
c_0116007_1.png,chinese,false
c_0116007_10.png,chinese,false
c_0116007_11.png,chinese,false
c_0116007_12.png,chinese,false
c_0116007_2.png,chinese,false
c_0116007_3.png,chinese,false
c_0116007_4.png,chinese,false
c_0116007_5.png,chinese,false
c_0116007_6.png,chinese,false
c_0116007_7.png,chinese,false
c_0116007_8.png,chinese,false
c_0116007_9.png,chinese,false
c_0116008_1.png,chinese,false
c_0116008_10.png,chinese,false
c_0116008_11.png,chinese,false
c_0116008_12.png,chinese,false
c_0116008_2.png,chinese,false
c_0116008_3.png,chinese,false
c_0116008_4.png,chinese,false
c_0116008_5.png,chinese,false
c_0116008_6.png,chinese,false
c_0116008_7.png,chinese,false
c_0116008_8.png,chinese,false
c_0116008_9.png,chinese,false
c_0116009_1.png,chinese,false
c_0116009_10.png,chinese,false
c_0116009_11.png,chinese,false
c_0116009_12.png,chinese,false
c_0116009_2.png,chinese,false
c_0116009_3.png,chinese,false
c_0116009_4.png,chinese,false
c_0116009_5.png,chinese,false
c_0116009_6.png,chinese,false
c_0116009_7.png,chinese,false
c_0116009_8.png,chinese,false
c_0116009_9.png,chinese,false
c_01_0100011.PNG,chinese,false
c_01_0100013.PNG,chinese,false
c_01_0100014.PNG,chinese,false
c_01_0100015.PNG,chinese,false
c_01_0101011.PNG,chinese,false
c_01_0101016.PNG,chinese,false
c_01_0101017.PNG,chinese,false
c_01_0101019.PNG,chinese,false
c_01_0104020.PNG,chinese,false
c_01_0107015.PNG,chinese,false
c_01_0108012.PNG,chinese,false
c_01_0109012.PNG,chinese,false
c_01_0109014.PNG,chinese,false
c_01_0109015.PNG,chinese,false
c_01_0109016.PNG,chinese,false
c_01_0109018.PNG,chinese,false
c_01_0109019.PNG,chinese,false
c_01_0109020.PNG,chinese,false
c_01_011.png,chinese,true
c_01_0112018.PNG,chinese,false
c_01_0113011.PNG,chinese,false
c_01_0113012.PNG,chinese,false
c_01_0113016.PNG,chinese,false
c_01_0113017.PNG,chinese,false
c_01_0113019.PNG,chinese,false
c_01_0113020.PNG,chinese,false
c_01_0114017.PNG,chinese,false
c_01_0115018.PNG,chinese,false
c_01_0116013.PNG,chinese,false
c_01_0117013.PNG,chinese,false
c_01_012.png,chinese,true
c_01_013.png,chinese,true
c_01_014.png,chinese,true
c_01_015.png,chinese,true
c_01_016.png,chinese,true
c_01_017.png,chinese,true
c_01_018.png,chinese,true
c_01_019.png,chinese,true
c_01_020.png,chinese,true
c_02_0100011.PNG,chinese,false
c_02_0100013.PNG,chinese,false
c_02_0100014.PNG,chinese,false
c_02_0100015.PNG,chinese,false
c_02_0101011.PNG,chinese,false
c_02_0101014.PNG,chinese,false
c_02_0101016.PNG,chinese,false
c_02_0101017.PNG,chinese,false
c_02_0101019.PNG,chinese,false
c_02_0107015.PNG,chinese,false
c_02_0108012.PNG,chinese,false
c_02_0109012.PNG,chinese,false
c_02_0109014.PNG,chinese,false
c_02_0109015.PNG,chinese,false
c_02_0109016.PNG,chinese,false
c_02_0109018.PNG,chinese,false
c_02_0109019.PNG,chinese,false
c_02_0109020.PNG,chinese,false
c_02_011.png,chinese,true
c_02_0112018.PNG,chinese,false
c_02_0113011.PNG,chinese,false
c_02_0113012.PNG,chinese,false
c_02_0113016.PNG,chinese,false
c_02_0113017.PNG,chinese,false
c_02_0113019.PNG,chinese,false
c_02_0113020.PNG,chinese,false
c_02_0114017.PNG,chinese,false
c_02_0115018.PNG,chinese,false
c_02_0116013.PNG,chinese,false
c_02_0117013.PNG,chinese,false
c_02_012.png,chinese,true
c_02_014.png,chinese,true
c_02_015.png,chinese,true
c_02_016.png,chinese,true
c_02_017.png,chinese,true
c_02_018.png,chinese,true
c_02_019.png,chinese,true
c_02_020.png,chinese,true
c_03_0100011.PNG,chinese,false
c_03_0100013.PNG,chinese,false
c_03_0100014.PNG,chinese,false
c_03_0100015.PNG,chinese,false
c_03_0101011.PNG,chinese,false
c_03_0101014.PNG,chinese,false
c_03_0101016.PNG,chinese,false
c_03_0101017.PNG,chinese,false
c_03_0101019.PNG,chinese,false
c_03_0107015.PNG,chinese,false
c_03_0108012.PNG,chinese,false
c_03_0109012.PNG,chinese,false
c_03_0109014.PNG,chinese,false
c_03_0109015.PNG,chinese,false
c_03_0109016.PNG,chinese,false
c_03_0109018.PNG,chinese,false
c_03_0109019.PNG,chinese,false
c_03_0109020.PNG,chinese,false
c_03_011.png,chinese,true
c_03_0112018.PNG,chinese,false
c_03_0113011.PNG,chinese,false
c_03_0113012.PNG,chinese,false
c_03_0113016.PNG,chinese,false
c_03_0113017.PNG,chinese,false
c_03_0113019.PNG,chinese,false
c_03_0113020.PNG,chinese,false
c_03_0114017.PNG,chinese,false
c_03_0115018.PNG,chinese,false
c_03_0116013.PNG,chinese,false
c_03_0117013.PNG,chinese,false
c_03_012.png,chinese,true
c_03_014.png,chinese,true
c_03_015.png,chinese,true
c_03_016.png,chinese,true
c_03_017.png,chinese,true
c_03_018.png,chinese,true
c_03_020.png,chinese,true
c_04_0100011.PNG,chinese,false
c_04_0100013.PNG,chinese,false
c_04_0100014.PNG,chinese,false
c_04_0100015.PNG,chinese,false
c_04_0101011.PNG,chinese,false
c_04_0101014.PNG,chinese,false
c_04_0101016.PNG,chinese,false
c_04_0101017.PNG,chinese,false
c_04_0101019.PNG,chinese,false
c_04_0104020.PNG,chinese,false
c_04_0107015.PNG,chinese,false
c_04_0108012.PNG,chinese,false
c_04_0109012.PNG,chinese,false
c_04_0109014.PNG,chinese,false
c_04_0109015.PNG,chinese,false
c_04_0109016.PNG,chinese,false
c_04_0109018.PNG,chinese,false
c_04_0109019.PNG,chinese,false
c_04_0109020.PNG,chinese,false
c_04_011.png,chinese,true
c_04_0112018.PNG,chinese,false
c_04_0113011.PNG,chinese,false
c_04_0113012.PNG,chinese,false
c_04_0113016.PNG,chinese,false
c_04_0113017.PNG,chinese,false
c_04_0113019.PNG,chinese,false
c_04_0113020.PNG,chinese,false
c_04_0114017.PNG,chinese,false
c_04_0115018.PNG,chinese,false
c_04_0116013.PNG,chinese,false
c_04_0117013.PNG,chinese,false
c_04_0117017.PNG,chinese,false
c_04_012.png,chinese,true
c_04_013.png,chinese,true
c_04_014.png,chinese,true
c_04_015.png,chinese,true
c_04_016.png,chinese,true
c_04_017.png,chinese,true
c_04_018.png,chinese,true
c_04_019.png,chinese,true
c_04_020.png,chinese,true
c_05_0100011.PNG,chinese,false
c_05_0100013.PNG,chinese,false
c_05_0100014.PNG,chinese,false
c_05_0100015.PNG,chinese,false
c_05_0101011.PNG,chinese,false
c_05_0101014.PNG,chinese,false
c_05_0101016.PNG,chinese,false
c_05_0101017.PNG,chinese,false
c_05_0101019.PNG,chinese,false
c_05_0104020.PNG,chinese,false
c_05_0107015.PNG,chinese,false
c_05_0108012.PNG,chinese,false
c_05_0109012.PNG,chinese,false
c_05_0109014.PNG,chinese,false
c_05_0109015.PNG,chinese,false
c_05_0109016.PNG,chinese,false
c_05_0109018.PNG,chinese,false
c_05_0109019.PNG,chinese,false
c_05_0109020.PNG,chinese,false
c_05_011.png,chinese,true
c_05_0112018.PNG,chinese,false
c_05_0113011.PNG,chinese,false
c_05_0113012.PNG,chinese,false
c_05_0113016.PNG,chinese,false
c_05_0113017.PNG,chinese,false
c_05_0113019.PNG,chinese,false
c_05_0113020.PNG,chinese,false
c_05_0114017.PNG,chinese,false
c_05_0115018.PNG,chinese,false
c_05_0116013.PNG,chinese,false
c_05_0117013.PNG,chinese,false
c_05_0117017.PNG,chinese,false
c_05_012.png,chinese,true
c_05_013.png,chinese,true
c_05_014.png,chinese,true
c_05_015.png,chinese,true
c_05_016.png,chinese,true
c_05_017.png,chinese,true
c_05_018.png,chinese,true
c_05_020.png,chinese,true
c_06_0100011.PNG,chinese,false
c_06_0100013.PNG,chinese,false
c_06_0100014.PNG,chinese,false
c_06_0100015.PNG,chinese,false
c_06_0101011.PNG,chinese,false
c_06_0101014.PNG,chinese,false
c_06_0101016.PNG,chinese,false
c_06_0101017.PNG,chinese,false
c_06_0101019.PNG,chinese,false
c_06_0104020.PNG,chinese,false
c_06_0107015.PNG,chinese,false
c_06_0108012.PNG,chinese,false
c_06_0109012.PNG,chinese,false
c_06_0109014.PNG,chinese,false
c_06_0109015.PNG,chinese,false
c_06_0109016.PNG,chinese,false
c_06_0109018.PNG,chinese,false
c_06_0109019.PNG,chinese,false
c_06_0109020.PNG,chinese,false
c_06_011.png,chinese,true
c_06_0112018.PNG,chinese,false
c_06_0113011.PNG,chinese,false
c_06_0113012.PNG,chinese,false
c_06_0113016.PNG,chinese,false
c_06_0113017.PNG,chinese,false
c_06_0113019.PNG,chinese,false
c_06_0113020.PNG,chinese,false
c_06_0114017.PNG,chinese,false
c_06_0115018.PNG,chinese,false
c_06_0116013.PNG,chinese,false
c_06_0117013.PNG,chinese,false
c_06_0117017.PNG,chinese,false
c_06_012.png,chinese,true
c_06_013.png,chinese,true
c_06_014.png,chinese,true
c_06_015.png,chinese,true
c_06_016.png,chinese,true
c_06_017.png,chinese,true
c_06_018.png,chinese,true
c_06_019.png,chinese,true
c_06_020.png,chinese,true
c_07_0100011.PNG,chinese,false
c_07_0100013.PNG,chinese,false
c_07_0100014.PNG,chinese,false
c_07_0100015.PNG,chinese,false
c_07_0101011.PNG,chinese,false
c_07_0101016.PNG,chinese,false
c_07_0101017.PNG,chinese,false
c_07_0101019.PNG,chinese,false
c_07_0104020.PNG,chinese,false
c_07_0107015.PNG,chinese,false
c_07_0108012.PNG,chinese,false
c_07_0109012.PNG,chinese,false
c_07_0109014.PNG,chinese,false
c_07_0109015.PNG,chinese,false
c_07_0109016.PNG,chinese,false
c_07_0109018.PNG,chinese,false
c_07_0109019.PNG,chinese,false
c_07_0109020.PNG,chinese,false
c_07_011.png,chinese,true
c_07_0112018.PNG,chinese,false
c_07_0113011.PNG,chinese,false
c_07_0113012.PNG,chinese,false
c_07_0113016.PNG,chinese,false
c_07_0113017.PNG,chinese,false
c_07_0113019.PNG,chinese,false
c_07_0113020.PNG,chinese,false
c_07_0114017.PNG,chinese,false
c_07_0115018.PNG,chinese,false
c_07_0116013.PNG,chinese,false
c_07_0117013.PNG,chinese,false
c_07_0117017.PNG,chinese,false
c_07_012.png,chinese,true
c_07_013.png,chinese,true
c_07_014.png,chinese,true
c_07_015.png,chinese,true
c_07_016.png,chinese,true
c_07_017.png,chinese,true
c_07_018.png,chinese,true
c_07_020.png,chinese,true
c_08_0100011.PNG,chinese,false
c_08_0100013.PNG,chinese,false
c_08_0100014.PNG,chinese,false
c_08_0100015.PNG,chinese,false
c_08_0101011.PNG,chinese,false
c_08_0101014.PNG,chinese,false
c_08_0101016.PNG,chinese,false
c_08_0101017.PNG,chinese,false
c_08_0101019.PNG,chinese,false
c_08_0104020.PNG,chinese,false
c_08_0107015.PNG,chinese,false
c_08_0108012.PNG,chinese,false
c_08_0109012.PNG,chinese,false
c_08_0109014.PNG,chinese,false
c_08_0109015.PNG,chinese,false
c_08_0109016.PNG,chinese,false
c_08_0109018.PNG,chinese,false
c_08_0109019.PNG,chinese,false
c_08_0109020.PNG,chinese,false
c_08_011.png,chinese,true
c_08_0112018.PNG,chinese,false
c_08_0113011.PNG,chinese,false
c_08_0113012.PNG,chinese,false
c_08_0113016.PNG,chinese,false
c_08_0113017.PNG,chinese,false
c_08_0113019.PNG,chinese,false
c_08_0113020.PNG,chinese,false
c_08_0114017.PNG,chinese,false
c_08_0115018.PNG,chinese,false
c_08_0116013.PNG,chinese,false
c_08_0117013.PNG,chinese,false
c_08_0117017.PNG,chinese,false
c_08_012.png,chinese,true
c_08_013.png,chinese,true
c_08_014.png,chinese,true
c_08_015.png,chinese,true
c_08_016.png,chinese,true
c_08_017.png,chinese,true
c_08_018.png,chinese,true
c_08_019.png,chinese,true
c_08_020.png,chinese,true
c_09_0100011.PNG,chinese,false
c_09_0100014.PNG,chinese,false
c_09_0100015.PNG,chinese,false
c_09_0101011.PNG,chinese,false
c_09_0101014.PNG,chinese,false
c_09_0101016.PNG,chinese,false
c_09_0101017.PNG,chinese,false
c_09_0101019.PNG,chinese,false
c_09_0104020.PNG,chinese,false
c_09_0107015.PNG,chinese,false
c_09_0108012.PNG,chinese,false
c_09_0109012.PNG,chinese,false
c_09_0109014.PNG,chinese,false
c_09_0109015.PNG,chinese,false
c_09_0109016.PNG,chinese,false
c_09_0109018.PNG,chinese,false
c_09_0109019.PNG,chinese,false
c_09_0109020.PNG,chinese,false
c_09_011.png,chinese,true
c_09_0112018.PNG,chinese,false
c_09_0113011.PNG,chinese,false
c_09_0113012.PNG,chinese,false
c_09_0113016.PNG,chinese,false
c_09_0113017.PNG,chinese,false
c_09_0113019.PNG,chinese,false
c_09_0113020.PNG,chinese,false
c_09_0114017.PNG,chinese,false
c_09_0115018.PNG,chinese,false
c_09_0116013.PNG,chinese,false
c_09_0117013.PNG,chinese,false
c_09_0117017.PNG,chinese,false
c_09_012.png,chinese,true
c_09_013.png,chinese,true
c_09_014.png,chinese,true
c_09_015.png,chinese,true
c_09_016.png,chinese,true
c_09_017.png,chinese,true
c_09_018.png,chinese,true
c_09_019.png,chinese,true
c_09_020.png,chinese,true
c_10_0100011.PNG,chinese,false
c_10_0100013.PNG,chinese,false
c_10_0100014.PNG,chinese,false
c_10_0100015.PNG,chinese,false
c_10_0101011.PNG,chinese,false
c_10_0101014.PNG,chinese,false
c_10_0101016.PNG,chinese,false
c_10_0101017.PNG,chinese,false
c_10_0101019.PNG,chinese,false
c_10_0104020.PNG,chinese,false
c_10_0107015.PNG,chinese,false
c_10_0108012.PNG,chinese,false
c_10_0109012.PNG,chinese,false
c_10_0109014.PNG,chinese,false
c_10_0109015.PNG,chinese,false
c_10_0109016.PNG,chinese,false
c_10_0109018.PNG,chinese,false
c_10_0109019.PNG,chinese,false
c_10_0109020.PNG,chinese,false
c_10_011.png,chinese,true
c_10_0112018.PNG,chinese,false
c_10_0113011.PNG,chinese,false
c_10_0113012.PNG,chinese,false
c_10_0113016.PNG,chinese,false
c_10_0113017.PNG,chinese,false
c_10_0113019.PNG,chinese,false
c_10_0113020.PNG,chinese,false
c_10_0114017.PNG,chinese,false
c_10_0115018.PNG,chinese,false
c_10_0116013.PNG,chinese,false
c_10_0117013.PNG,chinese,false
c_10_0117017.PNG,chinese,false
c_10_012.png,chinese,true
c_10_013.png,chinese,true
c_10_014.png,chinese,true
c_10_015.png,chinese,true
c_10_016.png,chinese,true
c_10_017.png,chinese,true
c_10_018.png,chinese,true
c_10_019.png,chinese,true
c_10_020.png,chinese,true
c_11_0100011.PNG,chinese,false
c_11_0100013.PNG,chinese,false
c_11_0100014.PNG,chinese,false
c_11_0100015.PNG,chinese,false
c_11_0101011.PNG,chinese,false
c_11_0101014.PNG,chinese,false
c_11_0101016.PNG,chinese,false
c_11_0101017.PNG,chinese,false
c_11_0101019.PNG,chinese,false
c_11_0104020.PNG,chinese,false
c_11_0107015.PNG,chinese,false
c_11_0108012.PNG,chinese,false
c_11_0109012.PNG,chinese,false
c_11_0109014.PNG,chinese,false
c_11_0109015.PNG,chinese,false
c_11_0109016.PNG,chinese,false
c_11_0109018.PNG,chinese,false
c_11_0109019.PNG,chinese,false
c_11_0109020.PNG,chinese,false
c_11_011.png,chinese,true
c_11_0112018.PNG,chinese,false
c_11_0113011.PNG,chinese,false
c_11_0113012.PNG,chinese,false
c_11_0113016.PNG,chinese,false
c_11_0113017.PNG,chinese,false
c_11_0113019.PNG,chinese,false
c_11_0113020.PNG,chinese,false
c_11_0114017.PNG,chinese,false
c_11_0115018.PNG,chinese,false
c_11_0116013.PNG,chinese,false
c_11_0117013.PNG,chinese,false
c_11_0117017.PNG,chinese,false
c_11_012.png,chinese,true
c_11_013.png,chinese,true
c_11_014.png,chinese,true
c_11_015.png,chinese,true
c_11_016.png,chinese,true
c_11_018.png,chinese,true
c_11_019.png,chinese,true
c_11_020.png,chinese,true
c_12_0100011.PNG,chinese,false
c_12_0100014.PNG,chinese,false
c_12_0100015.PNG,chinese,false
c_12_0101011.PNG,chinese,false
c_12_0101014.PNG,chinese,false
c_12_0101016.PNG,chinese,false
c_12_0101017.PNG,chinese,false
c_12_0101019.PNG,chinese,false
c_12_0104020.PNG,chinese,false
c_12_0107015.PNG,chinese,false
c_12_0108012.PNG,chinese,false
c_12_0109012.PNG,chinese,false
c_12_0109014.PNG,chinese,false
c_12_0109015.PNG,chinese,false
c_12_0109016.PNG,chinese,false
c_12_0109018.PNG,chinese,false
c_12_0109019.PNG,chinese,false
c_12_0109020.PNG,chinese,false
c_12_011.png,chinese,true
c_12_0112018.PNG,chinese,false
c_12_0113011.PNG,chinese,false
c_12_0113012.PNG,chinese,false
c_12_0113016.PNG,chinese,false
c_12_0113017.PNG,chinese,false
c_12_0113019.PNG,chinese,false
c_12_0113020.PNG,chinese,false
c_12_0114017.PNG,chinese,false
c_12_0115018.PNG,chinese,false
c_12_0116013.PNG,chinese,false
c_12_0117013.PNG,chinese,false
c_12_0117017.PNG,chinese,false
c_12_012.png,chinese,true
c_12_013.png,chinese,true
c_12_014.png,chinese,true
c_12_015.png,chinese,true
c_12_016.png,chinese,true
c_12_017.png,chinese,true
c_12_018.png,chinese,true
c_12_019.png,chinese,true
c_12_020.png,chinese,true
c_13_0104020.PNG,chinese,false
c_13_011.PNG,chinese,true
c_13_0117017.PNG,chinese,false
c_13_012.PNG,chinese,true
c_13_013.png,chinese,true
c_13_014.PNG,chinese,true
c_13_015.PNG,chinese,true
c_13_016.PNG,chinese,true
c_13_017.png,chinese,true
c_13_018.PNG,chinese,true
c_13_019.png,chinese,true
c_13_020.PNG,chinese,true
c_14_011.PNG,chinese,true
c_14_0117017.PNG,chinese,false
c_14_012.PNG,chinese,true
c_14_013.png,chinese,true
c_14_014.PNG,chinese,true
c_14_015.PNG,chinese,true
c_14_016.PNG,chinese,true
c_14_017.PNG,chinese,true
c_14_018.PNG,chinese,true
c_14_019.png,chinese,true
c_14_020.PNG,chinese,true
c_15_011.PNG,chinese,true
c_15_012.PNG,chinese,true
c_15_013.PNG,chinese,true
c_15_014.PNG,chinese,true
c_15_015.PNG,chinese,true
c_15_016.PNG,chinese,true
c_15_017.PNG,chinese,true
c_15_018.PNG,chinese,true
c_15_019.png,chinese,true
c_15_020.PNG,chinese,true
c_16_011.PNG,chinese,true
c_16_012.PNG,chinese,true
c_16_013.PNG,chinese,true
c_16_014.PNG,chinese,true
c_16_015.PNG,chinese,true
c_16_016.PNG,chinese,true
c_16_017.PNG,chinese,true
c_16_018.PNG,chinese,true
c_16_019.PNG,chinese,true
c_16_020.PNG,chinese,true
c_17_011.PNG,chinese,true
c_17_012.PNG,chinese,true
c_17_013.PNG,chinese,true
c_17_014.PNG,chinese,true
c_17_015.PNG,chinese,true
c_17_016.PNG,chinese,true
c_17_017.PNG,chinese,true
c_17_018.PNG,chinese,true
c_17_019.PNG,chinese,true
c_18_011.PNG,chinese,true
c_18_012.PNG,chinese,true
c_18_013.PNG,chinese,true
c_18_014.PNG,chinese,true
c_18_015.PNG,chinese,true
c_18_016.PNG,chinese,true
c_18_017.PNG,chinese,true
c_18_018.PNG,chinese,true
c_18_019.PNG,chinese,true
c_18_020.PNG,chinese,true
c_19_011.PNG,chinese,true
c_19_012.PNG,chinese,true
c_19_013.PNG,chinese,true
c_19_014.PNG,chinese,true
c_19_015.PNG,chinese,true
c_19_016.PNG,chinese,true
c_19_017.PNG,chinese,true
c_19_018.PNG,chinese,true
c_19_019.PNG,chinese,true
c_19_020.PNG,chinese,true
c_20_011.PNG,chinese,true
c_20_012.PNG,chinese,true
c_20_013.PNG,chinese,true
c_20_014.PNG,chinese,true
c_20_015.PNG,chinese,true
c_20_016.PNG,chinese,true
c_20_017.PNG,chinese,true
c_20_018.PNG,chinese,true
c_20_019.PNG,chinese,true
c_20_020.PNG,chinese,true
c_21_011.PNG,chinese,true
c_21_012.PNG,chinese,true
c_21_013.PNG,chinese,true
c_21_014.PNG,chinese,true
c_21_015.PNG,chinese,true
c_21_016.PNG,chinese,true
c_21_017.PNG,chinese,true
c_21_018.PNG,chinese,true
c_21_019.PNG,chinese,true
c_21_020.PNG,chinese,true
c_22_011.PNG,chinese,true
c_22_012.PNG,chinese,true
c_22_013.PNG,chinese,true
c_22_014.PNG,chinese,true
c_22_015.PNG,chinese,true
c_22_016.PNG,chinese,true
c_22_017.PNG,chinese,true
c_22_018.PNG,chinese,true
c_22_019.PNG,chinese,true
c_22_020.PNG,chinese,true
c_23_011.PNG,chinese,true
c_23_012.PNG,chinese,true
c_23_013.PNG,chinese,true
c_23_014.PNG,chinese,true
c_23_015.PNG,chinese,true
c_23_016.PNG,chinese,true
c_23_017.PNG,chinese,true
c_23_018.PNG,chinese,true
c_23_019.PNG,chinese,true
c_23_020.PNG,chinese,true
c_24_011.PNG,chinese,true
c_24_012.PNG,chinese,true
c_24_013.PNG,chinese,true
c_24_014.PNG,chinese,true
c_24_015.PNG,chinese,true
c_24_016.PNG,chinese,true
c_24_017.PNG,chinese,true
c_24_018.PNG,chinese,true
c_24_019.PNG,chinese,true
c_33_019.PNG,chinese,true
c_44_019.PNG,chinese,true
c_77_0101014.PNG,chinese,false
d_001_01.PNG,dutch,true
d_001_02.PNG,dutch,true
d_001_03.PNG,dutch,true
d_001_04.PNG,dutch,true
d_001_05.PNG,dutch,true
d_001_06.PNG,dutch,true
d_001_07.PNG,dutch,true
d_001_08.PNG,dutch,true
d_001_09.PNG,dutch,true
d_001_10.PNG,dutch,true
d_001_11.PNG,dutch,true
d_001_12.PNG,dutch,true
d_001_13.PNG,dutch,true
d_001_14.PNG,dutch,true
d_001_15.PNG,dutch,true
d_001_16.PNG,dutch,true
d_001_17.PNG,dutch,true
d_001_18.PNG,dutch,true
d_001_19.PNG,dutch,true
d_001_20.PNG,dutch,true
d_001_21.PNG,dutch,true
d_001_22.PNG,dutch,true
d_001_23.PNG,dutch,true
d_001_24.PNG,dutch,true
d_002_01.PNG,dutch,true
d_002_02.PNG,dutch,true
d_002_03.PNG,dutch,true
d_002_04.PNG,dutch,true
d_002_05.PNG,dutch,true
d_002_06.PNG,dutch,true
d_002_07.PNG,dutch,true
d_002_08.PNG,dutch,true
d_002_09.PNG,dutch,true
d_002_10.PNG,dutch,true
d_002_11.PNG,dutch,true
d_002_12.PNG,dutch,true
d_002_13.PNG,dutch,true
d_002_14.PNG,dutch,true
d_002_15.PNG,dutch,true
d_002_16.PNG,dutch,true
d_002_17.PNG,dutch,true
d_002_18.PNG,dutch,true
d_002_19.PNG,dutch,true
d_002_20.PNG,dutch,true
d_002_21.PNG,dutch,true
d_002_22.PNG,dutch,true
d_002_23.PNG,dutch,true
d_002_24.PNG,dutch,true
d_003_01.PNG,dutch,true
d_003_02.PNG,dutch,true
d_003_03.PNG,dutch,true
d_003_04.PNG,dutch,true
d_003_05.PNG,dutch,true
d_003_06.PNG,dutch,true
d_003_07.PNG,dutch,true
d_003_08.PNG,dutch,true
d_003_09.PNG,dutch,true
d_003_10.PNG,dutch,true
d_003_11.PNG,dutch,true
d_003_12.PNG,dutch,true
d_003_13.PNG,dutch,true
d_003_14.PNG,dutch,true
d_003_15.PNG,dutch,true
d_003_16.PNG,dutch,true
d_003_17.PNG,dutch,true
d_003_18.PNG,dutch,true
d_003_19.PNG,dutch,true
d_003_20.PNG,dutch,true
d_003_21.PNG,dutch,true
d_003_22.PNG,dutch,true
d_003_23.PNG,dutch,true
d_003_24.PNG,dutch,true
d_004_01.PNG,dutch,true
d_004_02.PNG,dutch,true
d_004_03.PNG,dutch,true
d_004_04.PNG,dutch,true
d_004_05.PNG,dutch,true
d_004_06.PNG,dutch,true
d_004_07.PNG,dutch,true
d_004_08.PNG,dutch,true
d_004_09.PNG,dutch,true
d_004_10.PNG,dutch,true
d_004_11.PNG,dutch,true
d_004_12.PNG,dutch,true
d_004_13.PNG,dutch,true
d_004_14.PNG,dutch,true
d_004_15.PNG,dutch,true
d_004_16.PNG,dutch,true
d_004_17.PNG,dutch,true
d_004_18.PNG,dutch,true
d_004_19.PNG,dutch,true
d_004_20.PNG,dutch,true
d_004_21.PNG,dutch,true
d_004_22.PNG,dutch,true
d_004_23.PNG,dutch,true
d_004_24.PNG,dutch,true
d_006_01.PNG,dutch,true
d_006_02.PNG,dutch,true
d_006_03.PNG,dutch,true
d_006_04.PNG,dutch,true
d_006_05.PNG,dutch,true
d_006_06.PNG,dutch,true
d_006_07.PNG,dutch,true
d_006_08.PNG,dutch,true
d_006_09.PNG,dutch,true
d_006_10.PNG,dutch,true
d_006_11.PNG,dutch,true
d_006_12.PNG,dutch,true
d_006_13.PNG,dutch,true
d_006_14.PNG,dutch,true
d_006_15.PNG,dutch,true
d_006_16.PNG,dutch,true
d_006_17.PNG,dutch,true
d_006_18.PNG,dutch,true
d_006_19.PNG,dutch,true
d_006_20.PNG,dutch,true
d_006_21.PNG,dutch,true
d_006_22.PNG,dutch,true
d_006_23.PNG,dutch,true
d_006_24.PNG,dutch,true
d_009_01.PNG,dutch,true
d_009_02.PNG,dutch,true
d_009_03.PNG,dutch,true
d_009_04.PNG,dutch,true
d_009_05.PNG,dutch,true
d_009_06.PNG,dutch,true
d_009_07.PNG,dutch,true
d_009_08.PNG,dutch,true
d_009_09.PNG,dutch,true
d_009_10.PNG,dutch,true
d_009_11.PNG,dutch,true
d_009_12.PNG,dutch,true
d_009_13.PNG,dutch,true
d_009_14.PNG,dutch,true
d_009_15.PNG,dutch,true
d_009_16.PNG,dutch,true
d_009_17.PNG,dutch,true
d_009_18.PNG,dutch,true
d_009_19.PNG,dutch,true
d_009_20.PNG,dutch,true
d_009_21.PNG,dutch,true
d_009_22.PNG,dutch,true
d_009_23.PNG,dutch,true
d_009_24.PNG,dutch,true
d_0102014_01.png,dutch,false
d_0102014_02.png,dutch,false
d_0102014_03.png,dutch,false
d_0102014_04.png,dutch,false
d_0103004_02.png,dutch,false
d_0103004_03.png,dutch,false
d_0103004_04.png,dutch,false
d_0104014_01.png,dutch,false
d_0104014_02.png,dutch,false
d_0104014_03.png,dutch,false
d_0104014_04.png,dutch,false
d_0105004_01.png,dutch,false
d_0105004_02.png,dutch,false
d_0105004_03.png,dutch,false
d_0105004_04.png,dutch,false
d_0106015_01.png,dutch,false
d_0106015_02.png,dutch,false
d_0106015_03.png,dutch,false
d_0106015_04.png,dutch,false
d_0107016_01.png,dutch,false
d_0107016_02.png,dutch,false
d_0107016_03.png,dutch,false
d_0107016_04.png,dutch,false
d_0108002_01.png,dutch,false
d_0108002_02.png,dutch,false
d_0108002_03.png,dutch,false
d_0108002_04.png,dutch,false
d_0110002_01.png,dutch,false
d_0110002_02.png,dutch,false
d_0110002_03.png,dutch,false
d_0110002_04.png,dutch,false
d_0110016_01.png,dutch,false
d_0110016_02.png,dutch,false
d_0110016_03.png,dutch,false
d_0110016_04.png,dutch,false
d_0111006_01.png,dutch,false
d_0111006_02.png,dutch,false
d_0111006_03.png,dutch,false
d_0111006_04.png,dutch,false
d_0113012_01.png,dutch,false
d_0113012_02.png,dutch,false
d_0113012_03.png,dutch,false
d_0113012_04.png,dutch,false
d_0117009_01.png,dutch,false
d_0117009_02.png,dutch,false
d_0117009_03.png,dutch,false
d_0117009_04.png,dutch,false
d_0118002_01.png,dutch,false
d_0118002_02.png,dutch,false
d_0118002_03.png,dutch,false
d_0118002_04.png,dutch,false
d_0119001_01.png,dutch,false
d_0119001_02.png,dutch,false
d_0119001_03.png,dutch,false
d_0119001_04.png,dutch,false
d_0121003_01.png,dutch,false
d_0121003_02.png,dutch,false
d_0121003_03.png,dutch,false
d_0121003_04.png,dutch,false
d_0123009_01.png,dutch,false
d_0123009_02.png,dutch,false
d_0123009_03.png,dutch,false
d_0123009_04.png,dutch,false
d_0124004_01.png,dutch,false
d_0124004_02.png,dutch,false
d_0124004_03.png,dutch,false
d_0124004_04.png,dutch,false
d_0126003_01.png,dutch,false
d_0126003_02.png,dutch,false
d_0126003_03.png,dutch,false
d_0126003_04.png,dutch,false
d_0127016_01.png,dutch,false
d_0127016_02.png,dutch,false
d_0127016_03.png,dutch,false
d_0127016_04.png,dutch,false
d_012_01.PNG,dutch,true
d_012_02.PNG,dutch,true
d_012_03.PNG,dutch,true
d_012_04.PNG,dutch,true
d_012_05.PNG,dutch,true
d_012_06.PNG,dutch,true
d_012_07.PNG,dutch,true
d_012_08.PNG,dutch,true
d_012_09.PNG,dutch,true
d_012_10.PNG,dutch,true
d_012_11.PNG,dutch,true
d_012_12.PNG,dutch,true
d_012_13.PNG,dutch,true
d_012_14.PNG,dutch,true
d_012_15.PNG,dutch,true
d_012_16.PNG,dutch,true
d_012_17.PNG,dutch,true
d_012_18.PNG,dutch,true
d_012_19.PNG,dutch,true
d_012_20.PNG,dutch,true
d_012_21.PNG,dutch,true
d_012_22.PNG,dutch,true
d_012_23.PNG,dutch,true
d_012_24.PNG,dutch,true
d_014_01.PNG,dutch,true
d_014_02.PNG,dutch,true
d_014_03.PNG,dutch,true
d_014_04.PNG,dutch,true
d_014_05.PNG,dutch,true
d_014_06.PNG,dutch,true
d_014_07.PNG,dutch,true
d_014_08.PNG,dutch,true
d_014_09.PNG,dutch,true
d_014_10.PNG,dutch,true
d_014_11.PNG,dutch,true
d_014_12.PNG,dutch,true
d_014_13.PNG,dutch,true
d_014_14.PNG,dutch,true
d_014_15.PNG,dutch,true
d_014_16.PNG,dutch,true
d_014_17.PNG,dutch,true
d_014_18.PNG,dutch,true
d_014_19.PNG,dutch,true
d_014_20.PNG,dutch,true
d_014_21.PNG,dutch,true
d_014_22.PNG,dutch,true
d_014_23.PNG,dutch,true
d_014_24.PNG,dutch,true
d_015_01.PNG,dutch,true
d_015_02.PNG,dutch,true
d_015_03.PNG,dutch,true
d_015_04.PNG,dutch,true
d_015_05.PNG,dutch,true
d_015_06.PNG,dutch,true
d_015_07.PNG,dutch,true
d_015_08.PNG,dutch,true
d_015_09.PNG,dutch,true
d_015_10.PNG,dutch,true
d_015_11.PNG,dutch,true
d_015_12.PNG,dutch,true
d_015_13.PNG,dutch,true
d_015_14.PNG,dutch,true
d_015_15.PNG,dutch,true
d_015_16.PNG,dutch,true
d_015_17.PNG,dutch,true
d_015_18.PNG,dutch,true
d_015_19.PNG,dutch,true
d_015_20.PNG,dutch,true
d_015_21.PNG,dutch,true
d_015_22.PNG,dutch,true
d_015_23.PNG,dutch,true
d_015_24.PNG,dutch,true
d_016_01.PNG,dutch,true
d_016_02.PNG,dutch,true
d_016_03.PNG,dutch,true
d_016_04.PNG,dutch,true
d_016_05.PNG,dutch,true
d_016_06.PNG,dutch,true
d_016_07.PNG,dutch,true
d_016_08.PNG,dutch,true
d_016_09.PNG,dutch,true
d_016_10.PNG,dutch,true
d_016_11.PNG,dutch,true
d_016_12.PNG,dutch,true
d_016_13.PNG,dutch,true
d_016_14.PNG,dutch,true
d_016_15.PNG,dutch,true
d_016_16.PNG,dutch,true
d_016_17.PNG,dutch,true
d_016_18.PNG,dutch,true
d_016_20.PNG,dutch,true
d_016_21.PNG,dutch,true
d_016_22.PNG,dutch,true
d_016_23.PNG,dutch,true
d_016_24.PNG,dutch,true
d_01_0101027.PNG,dutch,false
d_01_0101038.PNG,dutch,false
d_01_0101066.PNG,dutch,false
d_01_0102024.PNG,dutch,false
d_01_0102039.PNG,dutch,false
d_01_0102054.PNG,dutch,false
d_01_0102061.PNG,dutch,false
d_01_0103031.PNG,dutch,false
d_01_0103034.PNG,dutch,false
d_01_0103035.PNG,dutch,false
d_01_0103044.PNG,dutch,false
d_01_0104029.PNG,dutch,false
d_01_0104051.PNG,dutch,false
d_01_0104059.PNG,dutch,false
d_01_0104063.PNG,dutch,false
d_01_0105020.PNG,dutch,false
d_01_0105041.PNG,dutch,false
d_01_0105056.PNG,dutch,false
d_01_0105064.PNG,dutch,false
d_01_0106018.PNG,dutch,false
d_01_0106048.PNG,dutch,false
d_01_0106052.PNG,dutch,false
d_01_0106069.PNG,dutch,false
d_01_0107017.PNG,dutch,false
d_01_0107042.PNG,dutch,false
d_01_0107046.PNG,dutch,false
d_01_0107053.PNG,dutch,false
d_01_0108039.PNG,dutch,false
d_01_0108046.PNG,dutch,false
d_01_0108063.PNG,dutch,false
d_01_0108069.PNG,dutch,false
d_01_0109030.PNG,dutch,false
d_01_0109036.PNG,dutch,false
d_01_0109052.PNG,dutch,false
d_01_0109058.PNG,dutch,false
d_01_0109062.PNG,dutch,false
d_01_0110021.PNG,dutch,false
d_01_0110034.PNG,dutch,false
d_01_0110058.PNG,dutch,false
d_01_0111043.PNG,dutch,false
d_01_0111045.PNG,dutch,false
d_01_0111060.PNG,dutch,false
d_01_0111069.PNG,dutch,false
d_01_0112018.PNG,dutch,false
d_01_0112032.PNG,dutch,false
d_01_0112033.PNG,dutch,false
d_01_0112044.PNG,dutch,false
d_01_0112061.PNG,dutch,false
d_01_0113013.PNG,dutch,false
d_01_0113039.PNG,dutch,false
d_01_0113047.PNG,dutch,false
d_01_0113068.PNG,dutch,false
d_01_0114030.PNG,dutch,false
d_01_0114037.PNG,dutch,false
d_01_0114040.PNG,dutch,false
d_01_0114047.PNG,dutch,false
d_01_0114049.PNG,dutch,false
d_01_0115019.PNG,dutch,false
d_01_0115029.PNG,dutch,false
d_01_0115035.PNG,dutch,false
d_01_0115053.PNG,dutch,false
d_01_0115056.PNG,dutch,false
d_01_0116019.PNG,dutch,false
d_01_0116025.PNG,dutch,false
d_01_0116041.PNG,dutch,false
d_01_0116045.PNG,dutch,false
d_01_0116062.PNG,dutch,false
d_01_0117020.PNG,dutch,false
d_01_0117032.PNG,dutch,false
d_01_0117041.PNG,dutch,false
d_01_0117057.PNG,dutch,false
d_01_0118036.PNG,dutch,false
d_01_0118042.PNG,dutch,false
d_01_0118055.PNG,dutch,false
d_01_0118065.PNG,dutch,false
d_01_0119019.PNG,dutch,false
d_01_0119024.PNG,dutch,false
d_01_0119026.PNG,dutch,false
d_01_0119063.PNG,dutch,false
d_01_0120024.PNG,dutch,false
d_01_0120032.PNG,dutch,false
d_01_0120034.PNG,dutch,false
d_01_0120051.PNG,dutch,false
d_01_0120055.PNG,dutch,false
d_01_0121025.PNG,dutch,false
d_01_0121031.PNG,dutch,false
d_01_0121040.PNG,dutch,false
d_01_0121060.PNG,dutch,false
d_01_0123026.PNG,dutch,false
d_01_0123036.PNG,dutch,false
d_01_0123037.PNG,dutch,false
d_01_0123046.PNG,dutch,false
d_01_0124017.PNG,dutch,false
d_01_0124038.PNG,dutch,false
d_01_0124054.PNG,dutch,false
d_01_0124068.PNG,dutch,false
d_01_0125022.PNG,dutch,false
d_01_0125026.PNG,dutch,false
d_01_0125050.PNG,dutch,false
d_01_0125058.PNG,dutch,false
d_01_0125059.PNG,dutch,false
d_01_0126023.PNG,dutch,false
d_01_0126028.PNG,dutch,false
d_01_0126050.PNG,dutch,false
d_01_0126060.PNG,dutch,false
d_01_0127020.PNG,dutch,false
d_01_0127022.PNG,dutch,false
d_01_0127058.PNG,dutch,false
d_01_0127066.PNG,dutch,false
d_01_013.png,dutch,true
d_01_017.png,dutch,true
d_01_018.png,dutch,true
d_01_019.png,dutch,true
d_01_020.png,dutch,true
d_01_0201035.PNG,dutch,false
d_01_0201043.PNG,dutch,false
d_01_0201062.PNG,dutch,false
d_01_0202018.PNG,dutch,false
d_01_0202053.PNG,dutch,false
d_01_0202055.PNG,dutch,false
d_01_0203013.PNG,dutch,false
d_01_0203023.PNG,dutch,false
d_01_0203029.PNG,dutch,false
d_01_0203033.PNG,dutch,false
d_01_0203064.PNG,dutch,false
d_01_0204013.PNG,dutch,false
d_01_0204021.PNG,dutch,false
d_01_0204042.PNG,dutch,false
d_01_0204048.PNG,dutch,false
d_01_0204050.PNG,dutch,false
d_01_0205028.PNG,dutch,false
d_01_0205033.PNG,dutch,false
d_01_0205045.PNG,dutch,false
d_01_0205067.PNG,dutch,false
d_01_0206049.PNG,dutch,false
d_01_0206061.PNG,dutch,false
d_01_0206065.PNG,dutch,false
d_01_0207052.PNG,dutch,false
d_01_0207053.PNG,dutch,false
d_01_0207054.PNG,dutch,false
d_01_0208022.PNG,dutch,false
d_01_0208037.PNG,dutch,false
d_01_0208054.PNG,dutch,false
d_01_0208057.PNG,dutch,false
d_01_021.png,dutch,true
d_01_0210049.PNG,dutch,false
d_01_0210052.PNG,dutch,false
d_01_0210057.PNG,dutch,false
d_01_0211017.PNG,dutch,false
d_01_0211021.PNG,dutch,false
d_01_0211043.PNG,dutch,false
d_01_0211044.PNG,dutch,false
d_01_0211066.PNG,dutch,false
d_01_0212027.PNG,dutch,false
d_01_0212028.PNG,dutch,false
d_01_0212047.PNG,dutch,false
d_01_0212066.PNG,dutch,false
d_01_0212067.PNG,dutch,false
d_01_0213020.PNG,dutch,false
d_01_0213030.PNG,dutch,false
d_01_0213033.PNG,dutch,false
d_01_0213038.PNG,dutch,false
d_01_0214022.PNG,dutch,false
d_01_0214037.PNG,dutch,false
d_01_0214054.PNG,dutch,false
d_01_022.png,dutch,true
d_01_023.png,dutch,true
d_01_024.png,dutch,true
d_01_025.png,dutch,true
d_01_026.png,dutch,true
d_01_027.png,dutch,true
d_01_028.png,dutch,true
d_01_029.png,dutch,true
d_01_030.png,dutch,true
d_01_031.png,dutch,true
d_01_032.png,dutch,true
d_01_033.png,dutch,true
d_01_034.png,dutch,true
d_01_035.png,dutch,true
d_01_036.png,dutch,true
d_01_037.png,dutch,true
d_01_038.png,dutch,true
d_01_039.png,dutch,true
d_01_040.png,dutch,true
d_01_041.png,dutch,true
d_01_042.png,dutch,true
d_01_043.png,dutch,true
d_01_044.png,dutch,true
d_01_045.png,dutch,true
d_01_046.png,dutch,true
d_01_047.png,dutch,true
d_01_048.png,dutch,true
d_01_049.png,dutch,true
d_01_050.png,dutch,true
d_01_051.png,dutch,true
d_01_052.png,dutch,true
d_01_053.png,dutch,true
d_01_054.png,dutch,true
d_01_055.png,dutch,true
d_01_056.png,dutch,true
d_01_057.png,dutch,true
d_01_058.png,dutch,true
d_01_059.png,dutch,true
d_01_060.png,dutch,true
d_01_061.png,dutch,true
d_01_062.png,dutch,true
d_01_063.png,dutch,true
d_01_064.png,dutch,true
d_01_065.png,dutch,true
d_01_066.png,dutch,true
d_01_067.png,dutch,true
d_01_068.png,dutch,true
d_01_069.png,dutch,true
d_0201001_01.png,dutch,false
d_0201001_02.png,dutch,false
d_0201001_03.png,dutch,false
d_0201001_04.png,dutch,false
d_0201009_01.png,dutch,false
d_0201009_02.png,dutch,false
d_0201009_03.png,dutch,false
d_0201009_04.png,dutch,false
d_0202006_01.png,dutch,false
d_0202006_02.png,dutch,false
d_0202006_03.png,dutch,false
d_0202006_04.png,dutch,false
d_0202016_01.png,dutch,false
d_0202016_02.png,dutch,false
d_0202016_03.png,dutch,false
d_0202016_04.png,dutch,false
d_0205006_01.png,dutch,false
d_0205006_02.png,dutch,false
d_0205006_03.png,dutch,false
d_0205006_04.png,dutch,false
d_0206003_01.png,dutch,false
d_0206003_02.png,dutch,false
d_0206003_03.png,dutch,false
d_0206003_04.png,dutch,false
d_0206012_01.png,dutch,false
d_0206012_02.png,dutch,false
d_0206012_03.png,dutch,false
d_0206012_04.png,dutch,false
d_0208014_01.png,dutch,false
d_0208014_02.png,dutch,false
d_0208014_03.png,dutch,false
d_0208014_04.png,dutch,false
d_0210012_01.png,dutch,false
d_0210012_02.png,dutch,false
d_0210012_03.png,dutch,false
d_0210012_04.png,dutch,false
d_0210015_01.png,dutch,false
d_0210015_02.png,dutch,false
d_0210015_03.png,dutch,false
d_0210015_04.png,dutch,false
d_0213015_01.png,dutch,false
d_0213015_02.png,dutch,false
d_0213015_03.png,dutch,false
d_0213015_04.png,dutch,false
d_0214014_01.png,dutch,false
d_0214014_02.png,dutch,false
d_0214014_03.png,dutch,false
d_0214014_04.png,dutch,false
d_02_0101020.PNG,dutch,false
d_02_0101027.PNG,dutch,false
d_02_0101038.PNG,dutch,false
d_02_0101066.PNG,dutch,false
d_02_0102024.PNG,dutch,false
d_02_0102039.PNG,dutch,false
d_02_0102054.PNG,dutch,false
d_02_0102061.PNG,dutch,false
d_02_0103031.PNG,dutch,false
d_02_0103034.PNG,dutch,false
d_02_0103035.PNG,dutch,false
d_02_0103044.PNG,dutch,false
d_02_0104029.PNG,dutch,false
d_02_0104051.PNG,dutch,false
d_02_0104059.PNG,dutch,false
d_02_0104063.PNG,dutch,false
d_02_0105020.PNG,dutch,false
d_02_0105041.PNG,dutch,false
d_02_0105056.PNG,dutch,false
d_02_0105064.PNG,dutch,false
d_02_0106018.PNG,dutch,false
d_02_0106048.PNG,dutch,false
d_02_0106052.PNG,dutch,false
d_02_0106069.PNG,dutch,false
d_02_0107017.PNG,dutch,false
d_02_0107042.PNG,dutch,false
d_02_0107046.PNG,dutch,false
d_02_0107053.PNG,dutch,false
d_02_0108039.PNG,dutch,false
d_02_0108046.PNG,dutch,false
d_02_0108063.PNG,dutch,false
d_02_0108069.PNG,dutch,false
d_02_0109030.PNG,dutch,false
d_02_0109036.PNG,dutch,false
d_02_0109052.PNG,dutch,false
d_02_0109058.PNG,dutch,false
d_02_0109062.PNG,dutch,false
d_02_0110021.PNG,dutch,false
d_02_0110034.PNG,dutch,false
d_02_0110058.PNG,dutch,false
d_02_0111043.PNG,dutch,false
d_02_0111045.PNG,dutch,false
d_02_0111060.PNG,dutch,false
d_02_0111069.PNG,dutch,false
d_02_0112018.PNG,dutch,false
d_02_0112032.PNG,dutch,false
d_02_0112033.PNG,dutch,false
d_02_0112044.PNG,dutch,false
d_02_0112061.PNG,dutch,false
d_02_0113013.PNG,dutch,false
d_02_0113039.PNG,dutch,false
d_02_0113047.PNG,dutch,false
d_02_0113068.PNG,dutch,false
d_02_0114030.PNG,dutch,false
d_02_0114037.PNG,dutch,false
d_02_0114040.PNG,dutch,false
d_02_0114047.PNG,dutch,false
d_02_0114049.PNG,dutch,false
d_02_0115019.PNG,dutch,false
d_02_0115029.PNG,dutch,false
d_02_0115035.PNG,dutch,false
d_02_0115053.PNG,dutch,false
d_02_0115056.PNG,dutch,false
d_02_0116019.PNG,dutch,false
d_02_0116025.PNG,dutch,false
d_02_0116041.PNG,dutch,false
d_02_0116045.PNG,dutch,false
d_02_0116062.PNG,dutch,false
d_02_0117020.PNG,dutch,false
d_02_0117032.PNG,dutch,false
d_02_0117041.PNG,dutch,false
d_02_0117057.PNG,dutch,false
d_02_0118036.PNG,dutch,false
d_02_0118042.PNG,dutch,false
d_02_0118055.PNG,dutch,false
d_02_0118065.PNG,dutch,false
d_02_0119019.PNG,dutch,false
d_02_0119024.PNG,dutch,false
d_02_0119026.PNG,dutch,false
d_02_0119063.PNG,dutch,false
d_02_0120024.PNG,dutch,false
d_02_0120032.PNG,dutch,false
d_02_0120034.PNG,dutch,false
d_02_0120051.PNG,dutch,false
d_02_0120055.PNG,dutch,false
d_02_0121025.PNG,dutch,false
d_02_0121031.PNG,dutch,false
d_02_0121040.PNG,dutch,false
d_02_0121060.PNG,dutch,false
d_02_0123026.PNG,dutch,false
d_02_0123036.PNG,dutch,false
d_02_0123037.PNG,dutch,false
d_02_0123046.PNG,dutch,false
d_02_0124017.PNG,dutch,false
d_02_0124038.PNG,dutch,false
d_02_0124054.PNG,dutch,false
d_02_0124068.PNG,dutch,false
d_02_0125022.PNG,dutch,false
d_02_0125026.PNG,dutch,false
d_02_0125050.PNG,dutch,false
d_02_0125058.PNG,dutch,false
d_02_0125059.PNG,dutch,false
d_02_0126023.PNG,dutch,false
d_02_0126028.PNG,dutch,false
d_02_0126050.PNG,dutch,false
d_02_0126060.PNG,dutch,false
d_02_0127020.PNG,dutch,false
d_02_0127022.PNG,dutch,false
d_02_0127058.PNG,dutch,false
d_02_0127066.PNG,dutch,false
d_02_013.png,dutch,true
d_02_017.png,dutch,true
d_02_018.png,dutch,true
d_02_019.png,dutch,true
d_02_020.png,dutch,true
d_02_0201035.PNG,dutch,false
d_02_0201043.PNG,dutch,false
d_02_0201062.PNG,dutch,false
d_02_0202018.PNG,dutch,false
d_02_0202053.PNG,dutch,false
d_02_0202055.PNG,dutch,false
d_02_0203013.PNG,dutch,false
d_02_0203023.PNG,dutch,false
d_02_0203029.PNG,dutch,false
d_02_0203033.PNG,dutch,false
d_02_0203064.PNG,dutch,false
d_02_0204013.PNG,dutch,false
d_02_0204021.PNG,dutch,false
d_02_0204042.PNG,dutch,false
d_02_0204048.PNG,dutch,false
d_02_0204050.PNG,dutch,false
d_02_0205028.PNG,dutch,false
d_02_0205033.PNG,dutch,false
d_02_0205045.PNG,dutch,false
d_02_0205067.PNG,dutch,false
d_02_0206049.PNG,dutch,false
d_02_0206061.PNG,dutch,false
d_02_0206065.PNG,dutch,false
d_02_0207052.PNG,dutch,false
d_02_0207053.PNG,dutch,false
d_02_0207054.PNG,dutch,false
d_02_0208022.PNG,dutch,false
d_02_0208037.PNG,dutch,false
d_02_0208054.PNG,dutch,false
d_02_0208057.PNG,dutch,false
d_02_021.png,dutch,true
d_02_0210049.PNG,dutch,false
d_02_0210052.PNG,dutch,false
d_02_0210057.PNG,dutch,false
d_02_0211017.PNG,dutch,false
d_02_0211021.PNG,dutch,false
d_02_0211043.PNG,dutch,false
d_02_0211044.PNG,dutch,false
d_02_0211066.PNG,dutch,false
d_02_0212027.PNG,dutch,false
d_02_0212028.PNG,dutch,false
d_02_0212047.PNG,dutch,false
d_02_0212066.PNG,dutch,false
d_02_0212067.PNG,dutch,false
d_02_0213020.PNG,dutch,false
d_02_0213030.PNG,dutch,false
d_02_0213033.PNG,dutch,false
d_02_0213038.PNG,dutch,false
d_02_0214022.PNG,dutch,false
d_02_0214037.PNG,dutch,false
d_02_0214054.PNG,dutch,false
d_02_022.png,dutch,true
d_02_023.png,dutch,true
d_02_024.png,dutch,true
d_02_025.png,dutch,true
d_02_026.png,dutch,true
d_02_027.png,dutch,true
d_02_028.png,dutch,true
d_02_029.png,dutch,true
d_02_030.png,dutch,true
d_02_031.png,dutch,true
d_02_032.png,dutch,true
d_02_033.png,dutch,true
d_02_034.png,dutch,true
d_02_035.png,dutch,true
d_02_036.png,dutch,true
d_02_037.png,dutch,true
d_02_038.png,dutch,true
d_02_039.png,dutch,true
d_02_040.png,dutch,true
d_02_041.png,dutch,true
d_02_042.png,dutch,true
d_02_043.png,dutch,true
d_02_044.png,dutch,true
d_02_045.png,dutch,true
d_02_046.png,dutch,true
d_02_047.png,dutch,true
d_02_048.png,dutch,true
d_02_049.png,dutch,true
d_02_050.png,dutch,true
d_02_051.png,dutch,true
d_02_052.png,dutch,true
d_02_053.png,dutch,true
d_02_054.png,dutch,true
d_02_055.png,dutch,true
d_02_056.png,dutch,true
d_02_057.png,dutch,true
d_02_058.png,dutch,true
d_02_059.png,dutch,true
d_02_060.png,dutch,true
d_02_061.png,dutch,true
d_02_062.png,dutch,true
d_02_063.png,dutch,true
d_02_064.png,dutch,true
d_02_065.png,dutch,true
d_02_066.png,dutch,true
d_02_067.png,dutch,true
d_02_068.png,dutch,true
d_02_069.png,dutch,true
d_03_0101020.PNG,dutch,false
d_03_0101027.PNG,dutch,false
d_03_0101038.PNG,dutch,false
d_03_0101066.PNG,dutch,false
d_03_0102024.PNG,dutch,false
d_03_0102039.PNG,dutch,false
d_03_0102054.PNG,dutch,false
d_03_0102061.PNG,dutch,false
d_03_0103031.PNG,dutch,false
d_03_0103034.PNG,dutch,false
d_03_0103035.PNG,dutch,false
d_03_0103044.PNG,dutch,false
d_03_0104029.PNG,dutch,false
d_03_0104051.PNG,dutch,false
d_03_0104059.PNG,dutch,false
d_03_0104063.PNG,dutch,false
d_03_0105020.PNG,dutch,false
d_03_0105041.PNG,dutch,false
d_03_0105056.PNG,dutch,false
d_03_0105064.PNG,dutch,false
d_03_0106018.PNG,dutch,false
d_03_0106048.PNG,dutch,false
d_03_0106052.PNG,dutch,false
d_03_0106069.PNG,dutch,false
d_03_0107017.PNG,dutch,false
d_03_0107042.PNG,dutch,false
d_03_0107046.PNG,dutch,false
d_03_0107053.PNG,dutch,false
d_03_0108039.PNG,dutch,false
d_03_0108046.PNG,dutch,false
d_03_0108063.PNG,dutch,false
d_03_0108069.PNG,dutch,false
d_03_0109030.PNG,dutch,false
d_03_0109036.PNG,dutch,false
d_03_0109052.PNG,dutch,false
d_03_0109058.PNG,dutch,false
d_03_0109062.PNG,dutch,false
d_03_0110021.PNG,dutch,false
d_03_0110034.PNG,dutch,false
d_03_0110058.PNG,dutch,false
d_03_0111043.PNG,dutch,false
d_03_0111045.PNG,dutch,false
d_03_0111060.PNG,dutch,false
d_03_0111069.PNG,dutch,false
d_03_0112018.PNG,dutch,false
d_03_0112032.PNG,dutch,false
d_03_0112033.PNG,dutch,false
d_03_0112044.PNG,dutch,false
d_03_0112061.PNG,dutch,false
d_03_0113013.PNG,dutch,false
d_03_0113039.PNG,dutch,false
d_03_0113047.PNG,dutch,false
d_03_0113068.PNG,dutch,false
d_03_0114030.PNG,dutch,false
d_03_0114037.PNG,dutch,false
d_03_0114040.PNG,dutch,false
d_03_0114047.PNG,dutch,false
d_03_0114049.PNG,dutch,false
d_03_0115019.PNG,dutch,false
d_03_0115029.PNG,dutch,false
d_03_0115035.PNG,dutch,false
d_03_0115053.PNG,dutch,false
d_03_0115056.PNG,dutch,false
d_03_0116019.PNG,dutch,false
d_03_0116025.PNG,dutch,false
d_03_0116041.PNG,dutch,false
d_03_0116045.PNG,dutch,false
d_03_0116062.PNG,dutch,false
d_03_0117020.PNG,dutch,false
d_03_0117032.PNG,dutch,false
d_03_0117041.PNG,dutch,false
d_03_0117057.PNG,dutch,false
d_03_0118036.PNG,dutch,false
d_03_0118042.PNG,dutch,false
d_03_0118055.PNG,dutch,false
d_03_0118065.PNG,dutch,false
d_03_0119019.PNG,dutch,false
d_03_0119024.PNG,dutch,false
d_03_0119026.PNG,dutch,false
d_03_0119063.PNG,dutch,false
d_03_0120024.PNG,dutch,false
d_03_0120032.PNG,dutch,false
d_03_0120034.PNG,dutch,false
d_03_0120051.PNG,dutch,false
d_03_0120055.PNG,dutch,false
d_03_0121025.PNG,dutch,false
d_03_0121031.PNG,dutch,false
d_03_0121040.PNG,dutch,false
d_03_0121060.PNG,dutch,false
d_03_0123026.PNG,dutch,false
d_03_0123036.PNG,dutch,false
d_03_0123037.PNG,dutch,false
d_03_0123046.PNG,dutch,false
d_03_0124017.PNG,dutch,false
d_03_0124038.PNG,dutch,false
d_03_0124054.PNG,dutch,false
d_03_0124068.PNG,dutch,false
d_03_0125022.PNG,dutch,false
d_03_0125026.PNG,dutch,false
d_03_0125050.PNG,dutch,false
d_03_0125058.PNG,dutch,false
d_03_0125059.PNG,dutch,false
d_03_0126023.PNG,dutch,false
d_03_0126028.PNG,dutch,false
d_03_0126050.PNG,dutch,false
d_03_0126060.PNG,dutch,false
d_03_0127020.PNG,dutch,false
d_03_0127022.PNG,dutch,false
d_03_0127058.PNG,dutch,false
d_03_0127066.PNG,dutch,false
d_03_013.png,dutch,true
d_03_017.png,dutch,true
d_03_018.png,dutch,true
d_03_019.png,dutch,true
d_03_020.png,dutch,true
d_03_0201035.PNG,dutch,false
d_03_0201043.PNG,dutch,false
d_03_0201062.PNG,dutch,false
d_03_0202018.PNG,dutch,false
d_03_0202053.PNG,dutch,false
d_03_0202055.PNG,dutch,false
d_03_0203013.PNG,dutch,false
d_03_0203023.PNG,dutch,false
d_03_0203029.PNG,dutch,false
d_03_0203033.PNG,dutch,false
d_03_0203064.PNG,dutch,false
d_03_0204013.PNG,dutch,false
d_03_0204021.PNG,dutch,false
d_03_0204042.PNG,dutch,false
d_03_0204048.PNG,dutch,false
d_03_0204050.PNG,dutch,false
d_03_0205028.PNG,dutch,false
d_03_0205033.PNG,dutch,false
d_03_0205045.PNG,dutch,false
d_03_0205067.PNG,dutch,false
d_03_0206049.PNG,dutch,false
d_03_0206061.PNG,dutch,false
d_03_0206065.PNG,dutch,false
d_03_0207052.PNG,dutch,false
d_03_0207053.PNG,dutch,false
d_03_0207054.PNG,dutch,false
d_03_0208022.PNG,dutch,false
d_03_0208037.PNG,dutch,false
d_03_0208054.PNG,dutch,false
d_03_0208057.PNG,dutch,false
d_03_021.png,dutch,true
d_03_0210049.PNG,dutch,false
d_03_0210052.PNG,dutch,false
d_03_0210057.PNG,dutch,false
d_03_0211017.PNG,dutch,false
d_03_0211021.PNG,dutch,false
d_03_0211043.PNG,dutch,false
d_03_0211044.PNG,dutch,false
d_03_0211066.PNG,dutch,false
d_03_0212027.PNG,dutch,false
d_03_0212028.PNG,dutch,false
d_03_0212047.PNG,dutch,false
d_03_0212066.PNG,dutch,false
d_03_0212067.PNG,dutch,false
d_03_0213020.PNG,dutch,false
d_03_0213030.PNG,dutch,false
d_03_0213033.PNG,dutch,false
d_03_0213038.PNG,dutch,false
d_03_0214022.PNG,dutch,false
d_03_0214037.PNG,dutch,false
d_03_0214054.PNG,dutch,false
d_03_022.png,dutch,true
d_03_023.png,dutch,true
d_03_024.png,dutch,true
d_03_025.png,dutch,true
d_03_026.png,dutch,true
d_03_027.png,dutch,true
d_03_028.png,dutch,true
d_03_029.png,dutch,true
d_03_030.png,dutch,true
d_03_031.png,dutch,true
d_03_032.png,dutch,true
d_03_033.png,dutch,true
d_03_034.png,dutch,true
d_03_035.png,dutch,true
d_03_036.png,dutch,true
d_03_037.png,dutch,true
d_03_038.png,dutch,true
d_03_039.png,dutch,true
d_03_040.png,dutch,true
d_03_041.png,dutch,true
d_03_042.png,dutch,true
d_03_043.png,dutch,true
d_03_044.png,dutch,true
d_03_045.png,dutch,true
d_03_046.png,dutch,true
d_03_047.png,dutch,true
d_03_048.png,dutch,true
d_03_049.png,dutch,true
d_03_050.png,dutch,true
d_03_051.png,dutch,true
d_03_052.png,dutch,true
d_03_053.png,dutch,true
d_03_054.png,dutch,true
d_03_055.png,dutch,true
d_03_056.png,dutch,true
d_03_057.png,dutch,true
d_03_058.png,dutch,true
d_03_059.png,dutch,true
d_03_060.png,dutch,true
d_03_061.png,dutch,true
d_03_062.png,dutch,true
d_03_063.png,dutch,true
d_03_064.png,dutch,true
d_03_065.png,dutch,true
d_03_066.png,dutch,true
d_03_067.png,dutch,true
d_03_068.png,dutch,true
d_03_069.png,dutch,true
d_04_0101020.PNG,dutch,false
d_04_0101027.PNG,dutch,false
d_04_0101038.PNG,dutch,false
d_04_0101066.PNG,dutch,false
d_04_0102024.PNG,dutch,false
d_04_0102039.PNG,dutch,false
d_04_0102054.PNG,dutch,false
d_04_0102061.PNG,dutch,false
d_04_0103031.PNG,dutch,false
d_04_0103034.PNG,dutch,false
d_04_0103035.PNG,dutch,false
d_04_0103044.PNG,dutch,false
d_04_0104029.PNG,dutch,false
d_04_0104051.PNG,dutch,false
d_04_0104059.PNG,dutch,false
d_04_0104063.PNG,dutch,false
d_04_0105020.PNG,dutch,false
d_04_0105041.PNG,dutch,false
d_04_0105056.PNG,dutch,false
d_04_0105064.PNG,dutch,false
d_04_0106018.PNG,dutch,false
d_04_0106048.PNG,dutch,false
d_04_0106052.PNG,dutch,false
d_04_0106069.PNG,dutch,false
d_04_0107017.PNG,dutch,false
d_04_0107042.PNG,dutch,false
d_04_0107046.PNG,dutch,false
d_04_0107053.PNG,dutch,false
d_04_0108039.PNG,dutch,false
d_04_0108046.PNG,dutch,false
d_04_0108063.PNG,dutch,false
d_04_0108069.PNG,dutch,false
d_04_0109030.PNG,dutch,false
d_04_0109036.PNG,dutch,false
d_04_0109052.PNG,dutch,false
d_04_0109058.PNG,dutch,false
d_04_0109062.PNG,dutch,false
d_04_0110021.PNG,dutch,false
d_04_0110034.PNG,dutch,false
d_04_0110058.PNG,dutch,false
d_04_0111043.PNG,dutch,false
d_04_0111045.PNG,dutch,false
d_04_0111060.PNG,dutch,false
d_04_0111069.PNG,dutch,false
d_04_0112018.PNG,dutch,false
d_04_0112032.PNG,dutch,false
d_04_0112033.PNG,dutch,false
d_04_0112044.PNG,dutch,false
d_04_0112061.PNG,dutch,false
d_04_0113013.PNG,dutch,false
d_04_0113039.PNG,dutch,false
d_04_0113047.PNG,dutch,false
d_04_0113068.PNG,dutch,false
d_04_0114030.PNG,dutch,false
d_04_0114037.PNG,dutch,false
d_04_0114040.PNG,dutch,false
d_04_0114047.PNG,dutch,false
d_04_0114049.PNG,dutch,false
d_04_0115019.PNG,dutch,false
d_04_0115029.PNG,dutch,false
d_04_0115035.PNG,dutch,false
d_04_0115053.PNG,dutch,false
d_04_0115056.PNG,dutch,false
d_04_0116019.PNG,dutch,false
d_04_0116025.PNG,dutch,false
d_04_0116041.PNG,dutch,false
d_04_0116045.PNG,dutch,false
d_04_0116062.PNG,dutch,false
d_04_0117020.PNG,dutch,false
d_04_0117032.PNG,dutch,false
d_04_0117041.PNG,dutch,false
d_04_0117057.PNG,dutch,false
d_04_0118036.PNG,dutch,false
d_04_0118042.PNG,dutch,false
d_04_0118055.PNG,dutch,false
d_04_0118065.PNG,dutch,false
d_04_0119019.PNG,dutch,false
d_04_0119024.PNG,dutch,false
d_04_0119026.PNG,dutch,false
d_04_0119063.PNG,dutch,false
d_04_0120024.PNG,dutch,false
d_04_0120032.PNG,dutch,false
d_04_0120034.PNG,dutch,false
d_04_0120051.PNG,dutch,false
d_04_0120055.PNG,dutch,false
d_04_0121025.PNG,dutch,false
d_04_0121031.PNG,dutch,false
d_04_0121040.PNG,dutch,false
d_04_0121060.PNG,dutch,false
d_04_0123026.PNG,dutch,false
d_04_0123036.PNG,dutch,false
d_04_0123037.PNG,dutch,false
d_04_0123046.PNG,dutch,false
d_04_0124017.PNG,dutch,false
d_04_0124038.PNG,dutch,false
d_04_0124054.PNG,dutch,false
d_04_0124068.PNG,dutch,false
d_04_0125022.PNG,dutch,false
d_04_0125026.PNG,dutch,false
d_04_0125050.PNG,dutch,false
d_04_0125058.PNG,dutch,false
d_04_0125059.PNG,dutch,false
d_04_0126023.PNG,dutch,false
d_04_0126028.PNG,dutch,false
d_04_0126050.PNG,dutch,false
d_04_0126060.PNG,dutch,false
d_04_0127020.PNG,dutch,false
d_04_0127022.PNG,dutch,false
d_04_0127058.PNG,dutch,false
d_04_0127066.PNG,dutch,false
d_04_013.png,dutch,true
d_04_017.png,dutch,true
d_04_018.png,dutch,true
d_04_019.png,dutch,true
d_04_020.png,dutch,true
d_04_0201035.PNG,dutch,false
d_04_0201043.PNG,dutch,false
d_04_0201062.PNG,dutch,false
d_04_0202018.PNG,dutch,false
d_04_0202053.PNG,dutch,false
d_04_0202055.PNG,dutch,false
d_04_0203013.PNG,dutch,false
d_04_0203023.PNG,dutch,false
d_04_0203029.PNG,dutch,false
d_04_0203033.PNG,dutch,false
d_04_0203064.PNG,dutch,false
d_04_0204013.PNG,dutch,false
d_04_0204021.PNG,dutch,false
d_04_0204042.PNG,dutch,false
d_04_0204048.PNG,dutch,false
d_04_0204050.PNG,dutch,false
d_04_0205028.PNG,dutch,false
d_04_0205033.PNG,dutch,false
d_04_0205045.PNG,dutch,false
d_04_0205067.PNG,dutch,false
d_04_0206049.PNG,dutch,false
d_04_0206061.PNG,dutch,false
d_04_0206065.PNG,dutch,false
d_04_0207052.PNG,dutch,false
d_04_0207053.PNG,dutch,false
d_04_0207054.PNG,dutch,false
d_04_0208022.PNG,dutch,false
d_04_0208037.PNG,dutch,false
d_04_0208054.PNG,dutch,false
d_04_0208057.PNG,dutch,false
d_04_021.png,dutch,true
d_04_0210049.PNG,dutch,false
d_04_0210052.PNG,dutch,false
d_04_0210057.PNG,dutch,false
d_04_0211017.PNG,dutch,false
d_04_0211021.PNG,dutch,false
d_04_0211043.PNG,dutch,false
d_04_0211044.PNG,dutch,false
d_04_0211066.PNG,dutch,false
d_04_0212027.PNG,dutch,false
d_04_0212028.PNG,dutch,false
d_04_0212047.PNG,dutch,false
d_04_0212066.PNG,dutch,false
d_04_0212067.PNG,dutch,false
d_04_0213020.PNG,dutch,false
d_04_0213030.PNG,dutch,false
d_04_0213033.PNG,dutch,false
d_04_0213038.PNG,dutch,false
d_04_0214022.PNG,dutch,false
d_04_0214037.PNG,dutch,false
d_04_0214054.PNG,dutch,false
d_04_022.png,dutch,true
d_04_023.png,dutch,true
d_04_024.png,dutch,true
d_04_025.png,dutch,true
d_04_026.png,dutch,true
d_04_027.png,dutch,true
d_04_028.png,dutch,true
d_04_029.png,dutch,true
d_04_030.png,dutch,true
d_04_031.png,dutch,true
d_04_032.png,dutch,true
d_04_033.png,dutch,true
d_04_034.png,dutch,true
d_04_035.png,dutch,true
d_04_036.png,dutch,true
d_04_037.png,dutch,true
d_04_038.png,dutch,true
d_04_039.png,dutch,true
d_04_040.png,dutch,true
d_04_041.png,dutch,true
d_04_042.png,dutch,true
d_04_043.png,dutch,true
d_04_044.png,dutch,true
d_04_045.png,dutch,true
d_04_046.png,dutch,true
d_04_047.png,dutch,true
d_04_048.png,dutch,true
d_04_049.png,dutch,true
d_04_050.png,dutch,true
d_04_051.png,dutch,true
d_04_052.png,dutch,true
d_04_053.png,dutch,true
d_04_054.png,dutch,true
d_04_055.png,dutch,true
d_04_056.png,dutch,true
d_04_057.png,dutch,true
d_04_058.png,dutch,true
d_04_059.png,dutch,true
d_04_060.png,dutch,true
d_04_061.png,dutch,true
d_04_062.png,dutch,true
d_04_063.png,dutch,true
d_04_064.png,dutch,true
d_04_065.png,dutch,true
d_04_066.png,dutch,true
d_04_067.png,dutch,true
d_04_068.png,dutch,true
d_04_069.png,dutch,true
d_05_013.png,dutch,true
d_05_017.png,dutch,true
d_05_018.png,dutch,true
d_05_019.png,dutch,true
d_05_020.png,dutch,true
d_05_021.png,dutch,true
d_05_022.png,dutch,true
d_05_023.png,dutch,true
d_05_024.png,dutch,true
d_05_025.png,dutch,true
d_05_026.png,dutch,true
d_05_027.png,dutch,true
d_05_028.png,dutch,true
d_05_029.png,dutch,true
d_05_030.png,dutch,true
d_05_031.png,dutch,true
d_05_032.png,dutch,true
d_05_033.png,dutch,true
d_05_034.png,dutch,true
d_05_035.png,dutch,true
d_05_036.png,dutch,true
d_05_037.png,dutch,true
d_05_038.png,dutch,true
d_05_039.png,dutch,true
d_05_040.png,dutch,true
d_05_041.png,dutch,true
d_05_042.png,dutch,true
d_05_043.png,dutch,true
d_05_044.png,dutch,true
d_05_045.png,dutch,true
d_05_046.png,dutch,true
d_05_047.png,dutch,true
d_05_048.png,dutch,true
d_05_049.png,dutch,true
d_05_050.png,dutch,true
d_05_051.png,dutch,true
d_05_052.png,dutch,true
d_05_053.png,dutch,true
d_05_054.png,dutch,true
d_05_055.png,dutch,true
d_05_056.png,dutch,true
d_05_057.png,dutch,true
d_05_058.png,dutch,true
d_05_059.png,dutch,true
d_05_060.png,dutch,true
d_05_061.png,dutch,true
d_05_062.png,dutch,true
d_05_063.png,dutch,true
d_05_064.png,dutch,true
d_05_065.png,dutch,true
d_05_066.png,dutch,true
d_05_067.png,dutch,true
d_05_068.png,dutch,true
d_05_069.png,dutch,true
d_06_013.png,dutch,true
d_06_017.png,dutch,true
d_06_018.png,dutch,true
d_06_019.png,dutch,true
d_06_020.png,dutch,true
d_06_021.png,dutch,true
d_06_022.png,dutch,true
d_06_023.png,dutch,true
d_06_024.png,dutch,true
d_06_025.png,dutch,true
d_06_026.png,dutch,true
d_06_027.png,dutch,true
d_06_028.png,dutch,true
d_06_029.png,dutch,true
d_06_030.png,dutch,true
d_06_031.png,dutch,true
d_06_032.png,dutch,true
d_06_033.png,dutch,true
d_06_034.png,dutch,true
d_06_035.png,dutch,true
d_06_036.png,dutch,true
d_06_037.png,dutch,true
d_06_038.png,dutch,true
d_06_039.png,dutch,true
d_06_040.png,dutch,true
d_06_041.png,dutch,true
d_06_042.png,dutch,true
d_06_043.png,dutch,true
d_06_044.png,dutch,true
d_06_045.png,dutch,true
d_06_046.png,dutch,true
d_06_047.png,dutch,true
d_06_048.png,dutch,true
d_06_049.png,dutch,true
d_06_050.png,dutch,true
d_06_051.png,dutch,true
d_06_052.png,dutch,true
d_06_053.png,dutch,true
d_06_054.png,dutch,true
d_06_055.png,dutch,true
d_06_056.png,dutch,true
d_06_057.png,dutch,true
d_06_058.png,dutch,true
d_06_059.png,dutch,true
d_06_060.png,dutch,true
d_06_061.png,dutch,true
d_06_062.png,dutch,true
d_06_063.png,dutch,true
d_06_064.png,dutch,true
d_06_065.png,dutch,true
d_06_066.png,dutch,true
d_06_067.png,dutch,true
d_06_068.png,dutch,true
d_06_069.png,dutch,true
d_07_013.png,dutch,true
d_07_017.png,dutch,true
d_07_018.png,dutch,true
d_07_019.png,dutch,true
d_07_020.png,dutch,true
d_07_021.png,dutch,true
d_07_022.png,dutch,true
d_07_023.png,dutch,true
d_07_024.png,dutch,true
d_07_025.png,dutch,true
d_07_026.png,dutch,true
d_07_027.png,dutch,true
d_07_028.png,dutch,true
d_07_029.png,dutch,true
d_07_030.png,dutch,true
d_07_031.png,dutch,true
d_07_032.png,dutch,true
d_07_033.png,dutch,true
d_07_034.png,dutch,true
d_07_035.png,dutch,true
d_07_036.png,dutch,true
d_07_037.png,dutch,true
d_07_038.png,dutch,true
d_07_039.png,dutch,true
d_07_040.png,dutch,true
d_07_041.png,dutch,true
d_07_042.png,dutch,true
d_07_043.png,dutch,true
d_07_044.png,dutch,true
d_07_045.png,dutch,true
d_07_046.png,dutch,true
d_07_047.png,dutch,true
d_07_048.png,dutch,true
d_07_049.png,dutch,true
d_07_050.png,dutch,true
d_07_051.png,dutch,true
d_07_052.png,dutch,true
d_07_053.png,dutch,true
d_07_054.png,dutch,true
d_07_055.png,dutch,true
d_07_056.png,dutch,true
d_07_057.png,dutch,true
d_07_058.png,dutch,true
d_07_059.png,dutch,true
d_07_060.png,dutch,true
d_07_061.png,dutch,true
d_07_062.png,dutch,true
d_07_063.png,dutch,true
d_07_064.png,dutch,true
d_07_065.png,dutch,true
d_07_066.png,dutch,true
d_07_067.png,dutch,true
d_07_068.png,dutch,true
d_07_069.png,dutch,true
d_08_013.png,dutch,true
d_08_017.png,dutch,true
d_08_018.png,dutch,true
d_08_019.png,dutch,true
d_08_020.png,dutch,true
d_08_021.png,dutch,true
d_08_022.png,dutch,true
d_08_023.png,dutch,true
d_08_024.png,dutch,true
d_08_025.png,dutch,true
d_08_026.png,dutch,true
d_08_027.png,dutch,true
d_08_028.png,dutch,true
d_08_029.png,dutch,true
d_08_030.png,dutch,true
d_08_031.png,dutch,true
d_08_032.png,dutch,true
d_08_033.png,dutch,true
d_08_034.png,dutch,true
d_08_035.png,dutch,true
d_08_036.png,dutch,true
d_08_037.png,dutch,true
d_08_038.png,dutch,true
d_08_039.png,dutch,true
d_08_040.png,dutch,true
d_08_041.png,dutch,true
d_08_042.png,dutch,true
d_08_043.png,dutch,true
d_08_044.png,dutch,true
d_08_045.png,dutch,true
d_08_046.png,dutch,true
d_08_047.png,dutch,true
d_08_048.png,dutch,true
d_08_049.png,dutch,true
d_08_050.png,dutch,true
d_08_051.png,dutch,true
d_08_052.png,dutch,true
d_08_053.png,dutch,true
d_08_054.png,dutch,true
d_08_055.png,dutch,true
d_08_056.png,dutch,true
d_08_057.png,dutch,true
d_08_058.png,dutch,true
d_08_059.png,dutch,true
d_08_060.png,dutch,true
d_08_061.png,dutch,true
d_08_062.png,dutch,true
d_08_063.png,dutch,true
d_08_064.png,dutch,true
d_08_065.png,dutch,true
d_08_066.png,dutch,true
d_08_067.png,dutch,true
d_08_068.png,dutch,true
d_08_069.png,dutch,true
d_09_013.png,dutch,true
d_09_017.png,dutch,true
d_09_018.png,dutch,true
d_09_019.png,dutch,true
d_09_020.png,dutch,true
d_09_021.png,dutch,true
d_09_022.png,dutch,true
d_09_023.png,dutch,true
d_09_024.png,dutch,true
d_09_025.png,dutch,true
d_09_026.png,dutch,true
d_09_027.png,dutch,true
d_09_028.png,dutch,true
d_09_029.png,dutch,true
d_09_030.png,dutch,true
d_09_031.png,dutch,true
d_09_032.png,dutch,true
d_09_033.png,dutch,true
d_09_034.png,dutch,true
d_09_035.png,dutch,true
d_09_036.png,dutch,true
d_09_037.png,dutch,true
d_09_038.png,dutch,true
d_09_039.png,dutch,true
d_09_040.png,dutch,true
d_09_041.png,dutch,true
d_09_042.png,dutch,true
d_09_043.png,dutch,true
d_09_044.png,dutch,true
d_09_045.png,dutch,true
d_09_046.png,dutch,true
d_09_047.png,dutch,true
d_09_048.png,dutch,true
d_09_049.png,dutch,true
d_09_050.png,dutch,true
d_09_051.png,dutch,true
d_09_052.png,dutch,true
d_09_053.png,dutch,true
d_09_054.png,dutch,true
d_09_055.png,dutch,true
d_09_056.png,dutch,true
d_09_057.png,dutch,true
d_09_058.png,dutch,true
d_09_059.png,dutch,true
d_09_060.png,dutch,true
d_09_061.png,dutch,true
d_09_062.png,dutch,true
d_09_063.png,dutch,true
d_09_064.png,dutch,true
d_09_065.png,dutch,true
d_09_066.png,dutch,true
d_09_067.png,dutch,true
d_09_068.png,dutch,true
d_09_069.png,dutch,true
d_10_013.png,dutch,true
d_10_017.png,dutch,true
d_10_018.png,dutch,true
d_10_019.png,dutch,true
d_10_020.png,dutch,true
d_10_021.png,dutch,true
d_10_022.png,dutch,true
d_10_023.png,dutch,true
d_10_024.png,dutch,true
d_10_025.png,dutch,true
d_10_026.png,dutch,true
d_10_027.png,dutch,true
d_10_028.png,dutch,true
d_10_029.png,dutch,true
d_10_030.png,dutch,true
d_10_031.png,dutch,true
d_10_032.png,dutch,true
d_10_033.png,dutch,true
d_10_034.png,dutch,true
d_10_035.png,dutch,true
d_10_036.png,dutch,true
d_10_037.png,dutch,true
d_10_038.png,dutch,true
d_10_039.png,dutch,true
d_10_040.png,dutch,true
d_10_041.png,dutch,true
d_10_042.png,dutch,true
d_10_043.png,dutch,true
d_10_044.png,dutch,true
d_10_045.png,dutch,true
d_10_046.png,dutch,true
d_10_047.png,dutch,true
d_10_048.png,dutch,true
d_10_049.png,dutch,true
d_10_050.png,dutch,true
d_10_051.png,dutch,true
d_10_052.png,dutch,true
d_10_053.png,dutch,true
d_10_054.png,dutch,true
d_10_055.png,dutch,true
d_10_056.png,dutch,true
d_10_057.png,dutch,true
d_10_058.png,dutch,true
d_10_059.png,dutch,true
d_10_060.png,dutch,true
d_10_061.png,dutch,true
d_10_062.png,dutch,true
d_10_063.png,dutch,true
d_10_064.png,dutch,true
d_10_065.png,dutch,true
d_10_066.png,dutch,true
d_10_067.png,dutch,true
d_10_068.png,dutch,true
d_10_069.png,dutch,true
d_11_013.png,dutch,true
d_11_017.png,dutch,true
d_11_018.png,dutch,true
d_11_019.png,dutch,true
d_11_020.png,dutch,true
d_11_021.png,dutch,true
d_11_022.png,dutch,true
d_11_023.png,dutch,true
d_11_024.png,dutch,true
d_11_025.png,dutch,true
d_11_026.png,dutch,true
d_11_027.png,dutch,true
d_11_028.png,dutch,true
d_11_029.png,dutch,true
d_11_030.png,dutch,true
d_11_031.png,dutch,true
d_11_032.png,dutch,true
d_11_033.png,dutch,true
d_11_034.png,dutch,true
d_11_035.png,dutch,true
d_11_036.png,dutch,true
d_11_037.png,dutch,true
d_11_038.png,dutch,true
d_11_039.png,dutch,true
d_11_040.png,dutch,true
d_11_041.png,dutch,true
d_11_042.png,dutch,true
d_11_043.png,dutch,true
d_11_044.png,dutch,true
d_11_045.png,dutch,true
d_11_046.png,dutch,true
d_11_047.png,dutch,true
d_11_048.png,dutch,true
d_11_049.png,dutch,true
d_11_050.png,dutch,true
d_11_051.png,dutch,true
d_11_052.png,dutch,true
d_11_053.png,dutch,true
d_11_054.png,dutch,true
d_11_055.png,dutch,true
d_11_056.png,dutch,true
d_11_057.png,dutch,true
d_11_058.png,dutch,true
d_11_059.png,dutch,true
d_11_060.png,dutch,true
d_11_061.png,dutch,true
d_11_062.png,dutch,true
d_11_063.png,dutch,true
d_11_064.png,dutch,true
d_11_065.png,dutch,true
d_11_066.png,dutch,true
d_11_067.png,dutch,true
d_11_068.png,dutch,true
d_11_069.png,dutch,true
d_12_013.png,dutch,true
d_12_017.png,dutch,true
d_12_018.png,dutch,true
d_12_019.png,dutch,true
d_12_020.png,dutch,true
d_12_021.png,dutch,true
d_12_022.png,dutch,true
d_12_023.png,dutch,true
d_12_024.png,dutch,true
d_12_025.png,dutch,true
d_12_026.png,dutch,true
d_12_027.png,dutch,true
d_12_028.png,dutch,true
d_12_029.png,dutch,true
d_12_030.png,dutch,true
d_12_031.png,dutch,true
d_12_032.png,dutch,true
d_12_033.png,dutch,true
d_12_034.png,dutch,true
d_12_035.png,dutch,true
d_12_036.png,dutch,true
d_12_037.png,dutch,true
d_12_038.png,dutch,true
d_12_039.png,dutch,true
d_12_040.png,dutch,true
d_12_041.png,dutch,true
d_12_042.png,dutch,true
d_12_043.png,dutch,true
d_12_044.png,dutch,true
d_12_045.png,dutch,true
d_12_046.png,dutch,true
d_12_047.png,dutch,true
d_12_048.png,dutch,true
d_12_049.png,dutch,true
d_12_050.png,dutch,true
d_12_051.png,dutch,true
d_12_052.png,dutch,true
d_12_053.png,dutch,true
d_12_054.png,dutch,true
d_12_055.png,dutch,true
d_12_056.png,dutch,true
d_12_057.png,dutch,true
d_12_058.png,dutch,true
d_12_059.png,dutch,true
d_12_060.png,dutch,true
d_12_061.png,dutch,true
d_12_062.png,dutch,true
d_12_063.png,dutch,true
d_12_064.png,dutch,true
d_12_065.png,dutch,true
d_12_066.png,dutch,true
d_12_067.png,dutch,true
d_12_068.png,dutch,true
d_12_069.png,dutch,true
d_13_013.PNG,dutch,true
d_13_017.PNG,dutch,true
d_13_018.PNG,dutch,true
d_13_019.PNG,dutch,true
d_13_020.PNG,dutch,true
d_13_021.PNG,dutch,true
d_13_022.PNG,dutch,true
d_13_023.PNG,dutch,true
d_13_024.PNG,dutch,true
d_13_025.PNG,dutch,true
d_13_026.PNG,dutch,true
d_13_027.PNG,dutch,true
d_13_028.PNG,dutch,true
d_13_029.PNG,dutch,true
d_13_030.PNG,dutch,true
d_13_031.PNG,dutch,true
d_13_032.PNG,dutch,true
d_13_033.PNG,dutch,true
d_13_034.PNG,dutch,true
d_13_035.PNG,dutch,true
d_13_036.PNG,dutch,true
d_13_037.PNG,dutch,true
d_13_038.PNG,dutch,true
d_13_039.PNG,dutch,true
d_13_040.PNG,dutch,true
d_13_041.PNG,dutch,true
d_13_042.PNG,dutch,true
d_13_043.PNG,dutch,true
d_13_044.PNG,dutch,true
d_13_045.PNG,dutch,true
d_13_046.PNG,dutch,true
d_13_047.PNG,dutch,true
d_13_048.PNG,dutch,true
d_13_049.PNG,dutch,true
d_13_050.PNG,dutch,true
d_13_051.PNG,dutch,true
d_13_052.PNG,dutch,true
d_13_053.PNG,dutch,true
d_13_054.PNG,dutch,true
d_13_055.PNG,dutch,true
d_13_056.PNG,dutch,true
d_13_057.PNG,dutch,true
d_13_058.PNG,dutch,true
d_13_059.PNG,dutch,true
d_13_060.PNG,dutch,true
d_13_061.PNG,dutch,true
d_13_062.PNG,dutch,true
d_13_063.PNG,dutch,true
d_13_064.PNG,dutch,true
d_13_065.PNG,dutch,true
d_13_066.PNG,dutch,true
d_13_067.PNG,dutch,true
d_13_068.PNG,dutch,true
d_13_069.PNG,dutch,true
d_14_013.PNG,dutch,true
d_14_017.PNG,dutch,true
d_14_018.PNG,dutch,true
d_14_019.PNG,dutch,true
d_14_020.PNG,dutch,true
d_14_021.PNG,dutch,true
d_14_022.PNG,dutch,true
d_14_023.PNG,dutch,true
d_14_024.PNG,dutch,true
d_14_025.PNG,dutch,true
d_14_026.PNG,dutch,true
d_14_027.PNG,dutch,true
d_14_028.PNG,dutch,true
d_14_029.PNG,dutch,true
d_14_030.PNG,dutch,true
d_14_031.PNG,dutch,true
d_14_032.PNG,dutch,true
d_14_033.PNG,dutch,true
d_14_034.PNG,dutch,true
d_14_035.PNG,dutch,true
d_14_036.PNG,dutch,true
d_14_037.PNG,dutch,true
d_14_038.PNG,dutch,true
d_14_039.PNG,dutch,true
d_14_040.PNG,dutch,true
d_14_041.PNG,dutch,true
d_14_042.PNG,dutch,true
d_14_043.PNG,dutch,true
d_14_044.PNG,dutch,true
d_14_045.PNG,dutch,true
d_14_046.PNG,dutch,true
d_14_047.PNG,dutch,true
d_14_048.PNG,dutch,true
d_14_049.PNG,dutch,true
d_14_050.PNG,dutch,true
d_14_051.PNG,dutch,true
d_14_052.PNG,dutch,true
d_14_053.PNG,dutch,true
d_14_054.PNG,dutch,true
d_14_055.PNG,dutch,true
d_14_056.PNG,dutch,true
d_14_057.PNG,dutch,true
d_14_058.PNG,dutch,true
d_14_059.PNG,dutch,true
d_14_060.PNG,dutch,true
d_14_061.PNG,dutch,true
d_14_062.PNG,dutch,true
d_14_063.PNG,dutch,true
d_14_064.PNG,dutch,true
d_14_065.PNG,dutch,true
d_14_066.PNG,dutch,true
d_14_067.PNG,dutch,true
d_14_068.PNG,dutch,true
d_14_069.PNG,dutch,true
d_15_013.PNG,dutch,true
d_15_017.PNG,dutch,true
d_15_018.PNG,dutch,true
d_15_019.PNG,dutch,true
d_15_020.PNG,dutch,true
d_15_021.PNG,dutch,true
d_15_022.PNG,dutch,true
d_15_023.PNG,dutch,true
d_15_024.PNG,dutch,true
d_15_025.PNG,dutch,true
d_15_026.PNG,dutch,true
d_15_027.PNG,dutch,true
d_15_028.PNG,dutch,true
d_15_029.PNG,dutch,true
d_15_030.PNG,dutch,true
d_15_031.PNG,dutch,true
d_15_032.PNG,dutch,true
d_15_033.PNG,dutch,true
d_15_034.PNG,dutch,true
d_15_035.PNG,dutch,true
d_15_036.PNG,dutch,true
d_15_037.PNG,dutch,true
d_15_038.PNG,dutch,true
d_15_039.PNG,dutch,true
d_15_040.PNG,dutch,true
d_15_041.PNG,dutch,true
d_15_042.PNG,dutch,true
d_15_043.PNG,dutch,true
d_15_044.PNG,dutch,true
d_15_045.PNG,dutch,true
d_15_046.PNG,dutch,true
d_15_047.PNG,dutch,true
d_15_048.PNG,dutch,true
d_15_049.PNG,dutch,true
d_15_050.PNG,dutch,true
d_15_051.PNG,dutch,true
d_15_052.PNG,dutch,true
d_15_053.PNG,dutch,true
d_15_054.PNG,dutch,true
d_15_055.PNG,dutch,true
d_15_056.PNG,dutch,true
d_15_057.PNG,dutch,true
d_15_058.PNG,dutch,true
d_15_059.PNG,dutch,true
d_15_060.PNG,dutch,true
d_15_061.PNG,dutch,true
d_15_062.PNG,dutch,true
d_15_063.PNG,dutch,true
d_15_064.PNG,dutch,true
d_15_065.PNG,dutch,true
d_15_066.PNG,dutch,true
d_15_067.PNG,dutch,true
d_15_068.PNG,dutch,true
d_15_069.PNG,dutch,true
d_16_013.PNG,dutch,true
d_16_017.PNG,dutch,true
d_16_018.PNG,dutch,true
d_16_019.PNG,dutch,true
d_16_020.PNG,dutch,true
d_16_021.PNG,dutch,true
d_16_022.PNG,dutch,true
d_16_023.PNG,dutch,true
d_16_024.PNG,dutch,true
d_16_025.PNG,dutch,true
d_16_026.PNG,dutch,true
d_16_027.PNG,dutch,true
d_16_028.PNG,dutch,true
d_16_029.PNG,dutch,true
d_16_030.PNG,dutch,true
d_16_031.PNG,dutch,true
d_16_032.PNG,dutch,true
d_16_033.PNG,dutch,true
d_16_034.PNG,dutch,true
d_16_035.PNG,dutch,true
d_16_036.PNG,dutch,true
d_16_037.PNG,dutch,true
d_16_038.PNG,dutch,true
d_16_039.PNG,dutch,true
d_16_040.PNG,dutch,true
d_16_041.PNG,dutch,true
d_16_042.PNG,dutch,true
d_16_043.PNG,dutch,true
d_16_044.PNG,dutch,true
d_16_045.PNG,dutch,true
d_16_046.PNG,dutch,true
d_16_047.PNG,dutch,true
d_16_048.PNG,dutch,true
d_16_049.PNG,dutch,true
d_16_050.PNG,dutch,true
d_16_051.PNG,dutch,true
d_16_052.PNG,dutch,true
d_16_053.PNG,dutch,true
d_16_054.PNG,dutch,true
d_16_055.PNG,dutch,true
d_16_056.PNG,dutch,true
d_16_057.PNG,dutch,true
d_16_058.PNG,dutch,true
d_16_059.PNG,dutch,true
d_16_060.PNG,dutch,true
d_16_061.PNG,dutch,true
d_16_062.PNG,dutch,true
d_16_063.PNG,dutch,true
d_16_064.PNG,dutch,true
d_16_065.PNG,dutch,true
d_16_066.PNG,dutch,true
d_16_067.PNG,dutch,true
d_16_068.PNG,dutch,true
d_16_069.PNG,dutch,true
d_17_013.PNG,dutch,true
d_17_017.PNG,dutch,true
d_17_018.PNG,dutch,true
d_17_019.PNG,dutch,true
d_17_020.PNG,dutch,true
d_17_021.PNG,dutch,true
d_17_022.PNG,dutch,true
d_17_023.PNG,dutch,true
d_17_024.PNG,dutch,true
d_17_025.PNG,dutch,true
d_17_026.PNG,dutch,true
d_17_027.PNG,dutch,true
d_17_028.PNG,dutch,true
d_17_029.PNG,dutch,true
d_17_030.PNG,dutch,true
d_17_031.PNG,dutch,true
d_17_032.PNG,dutch,true
d_17_033.PNG,dutch,true
d_17_034.PNG,dutch,true
d_17_035.PNG,dutch,true
d_17_036.PNG,dutch,true
d_17_037.PNG,dutch,true
d_17_038.PNG,dutch,true
d_17_039.PNG,dutch,true
d_17_040.PNG,dutch,true
d_17_041.PNG,dutch,true
d_17_042.PNG,dutch,true
d_17_043.PNG,dutch,true
d_17_044.PNG,dutch,true
d_17_045.PNG,dutch,true
d_17_046.PNG,dutch,true
d_17_047.PNG,dutch,true
d_17_048.PNG,dutch,true
d_17_049.PNG,dutch,true
d_17_050.PNG,dutch,true
d_17_051.PNG,dutch,true
d_17_052.PNG,dutch,true
d_17_053.PNG,dutch,true
d_17_054.PNG,dutch,true
d_17_055.PNG,dutch,true
d_17_056.PNG,dutch,true
d_17_057.PNG,dutch,true
d_17_058.PNG,dutch,true
d_17_059.PNG,dutch,true
d_17_060.PNG,dutch,true
d_17_061.PNG,dutch,true
d_17_062.PNG,dutch,true
d_17_063.PNG,dutch,true
d_17_064.PNG,dutch,true
d_17_065.PNG,dutch,true
d_17_066.PNG,dutch,true
d_17_067.PNG,dutch,true
d_17_068.PNG,dutch,true
d_17_069.PNG,dutch,true
d_18_013.PNG,dutch,true
d_18_017.PNG,dutch,true
d_18_018.PNG,dutch,true
d_18_019.PNG,dutch,true
d_18_020.PNG,dutch,true
d_18_021.PNG,dutch,true
d_18_022.PNG,dutch,true
d_18_023.PNG,dutch,true
d_18_024.PNG,dutch,true
d_18_025.PNG,dutch,true
d_18_026.PNG,dutch,true
d_18_027.PNG,dutch,true
d_18_028.PNG,dutch,true
d_18_029.PNG,dutch,true
d_18_030.PNG,dutch,true
d_18_031.PNG,dutch,true
d_18_032.PNG,dutch,true
d_18_033.PNG,dutch,true
d_18_034.PNG,dutch,true
d_18_035.PNG,dutch,true
d_18_036.PNG,dutch,true
d_18_037.PNG,dutch,true
d_18_038.PNG,dutch,true
d_18_039.PNG,dutch,true
d_18_040.PNG,dutch,true
d_18_041.PNG,dutch,true
d_18_042.PNG,dutch,true
d_18_043.PNG,dutch,true
d_18_044.PNG,dutch,true
d_18_045.PNG,dutch,true
d_18_046.PNG,dutch,true
d_18_047.PNG,dutch,true
d_18_048.PNG,dutch,true
d_18_049.PNG,dutch,true
d_18_050.PNG,dutch,true
d_18_051.PNG,dutch,true
d_18_052.PNG,dutch,true
d_18_053.PNG,dutch,true
d_18_054.PNG,dutch,true
d_18_055.PNG,dutch,true
d_18_056.PNG,dutch,true
d_18_057.PNG,dutch,true
d_18_058.PNG,dutch,true
d_18_059.PNG,dutch,true
d_18_060.PNG,dutch,true
d_18_061.PNG,dutch,true
d_18_062.PNG,dutch,true
d_18_063.PNG,dutch,true
d_18_064.PNG,dutch,true
d_18_065.PNG,dutch,true
d_18_066.PNG,dutch,true
d_18_067.PNG,dutch,true
d_18_068.PNG,dutch,true
d_18_069.PNG,dutch,true
d_19_013.PNG,dutch,true
d_19_017.PNG,dutch,true
d_19_018.PNG,dutch,true
d_19_019.PNG,dutch,true
d_19_020.PNG,dutch,true
d_19_021.PNG,dutch,true
d_19_022.PNG,dutch,true
d_19_023.PNG,dutch,true
d_19_024.PNG,dutch,true
d_19_025.PNG,dutch,true
d_19_026.PNG,dutch,true
d_19_027.PNG,dutch,true
d_19_028.PNG,dutch,true
d_19_029.PNG,dutch,true
d_19_030.PNG,dutch,true
d_19_031.PNG,dutch,true
d_19_032.PNG,dutch,true
d_19_033.PNG,dutch,true
d_19_034.PNG,dutch,true
d_19_035.PNG,dutch,true
d_19_036.PNG,dutch,true
d_19_037.PNG,dutch,true
d_19_038.PNG,dutch,true
d_19_039.PNG,dutch,true
d_19_040.PNG,dutch,true
d_19_041.PNG,dutch,true
d_19_042.PNG,dutch,true
d_19_043.PNG,dutch,true
d_19_044.PNG,dutch,true
d_19_045.PNG,dutch,true
d_19_046.PNG,dutch,true
d_19_047.PNG,dutch,true
d_19_048.PNG,dutch,true
d_19_049.PNG,dutch,true
d_19_050.PNG,dutch,true
d_19_051.PNG,dutch,true
d_19_052.PNG,dutch,true
d_19_053.PNG,dutch,true
d_19_054.PNG,dutch,true
d_19_055.PNG,dutch,true
d_19_056.PNG,dutch,true
d_19_057.PNG,dutch,true
d_19_058.PNG,dutch,true
d_19_059.PNG,dutch,true
d_19_060.PNG,dutch,true
d_19_061.PNG,dutch,true
d_19_062.PNG,dutch,true
d_19_063.PNG,dutch,true
d_19_064.PNG,dutch,true
d_19_065.PNG,dutch,true
d_19_066.PNG,dutch,true
d_19_067.PNG,dutch,true
d_19_068.PNG,dutch,true
d_19_069.PNG,dutch,true
d_20_013.PNG,dutch,true
d_20_017.PNG,dutch,true
d_20_018.PNG,dutch,true
d_20_019.PNG,dutch,true
d_20_020.PNG,dutch,true
d_20_021.PNG,dutch,true
d_20_022.PNG,dutch,true
d_20_023.PNG,dutch,true
d_20_024.PNG,dutch,true
d_20_025.PNG,dutch,true
d_20_026.PNG,dutch,true
d_20_027.PNG,dutch,true
d_20_028.PNG,dutch,true
d_20_029.PNG,dutch,true
d_20_030.PNG,dutch,true
d_20_031.PNG,dutch,true
d_20_032.PNG,dutch,true
d_20_033.PNG,dutch,true
d_20_034.PNG,dutch,true
d_20_035.PNG,dutch,true
d_20_036.PNG,dutch,true
d_20_037.PNG,dutch,true
d_20_038.PNG,dutch,true
d_20_039.PNG,dutch,true
d_20_040.PNG,dutch,true
d_20_041.PNG,dutch,true
d_20_042.PNG,dutch,true
d_20_043.PNG,dutch,true
d_20_044.PNG,dutch,true
d_20_045.PNG,dutch,true
d_20_046.PNG,dutch,true
d_20_047.PNG,dutch,true
d_20_048.PNG,dutch,true
d_20_049.PNG,dutch,true
d_20_050.PNG,dutch,true
d_20_051.PNG,dutch,true
d_20_052.PNG,dutch,true
d_20_054.PNG,dutch,true
d_20_055.PNG,dutch,true
d_20_056.PNG,dutch,true
d_20_057.PNG,dutch,true
d_20_058.PNG,dutch,true
d_20_059.PNG,dutch,true
d_20_060.PNG,dutch,true
d_20_061.PNG,dutch,true
d_20_062.PNG,dutch,true
d_20_063.PNG,dutch,true
d_20_064.PNG,dutch,true
d_20_065.PNG,dutch,true
d_20_066.PNG,dutch,true
d_20_067.PNG,dutch,true
d_20_068.PNG,dutch,true
d_20_069.PNG,dutch,true
d_21_013.PNG,dutch,true
d_21_017.PNG,dutch,true
d_21_018.PNG,dutch,true
d_21_019.PNG,dutch,true
d_21_020.PNG,dutch,true
d_21_021.PNG,dutch,true
d_21_022.PNG,dutch,true
d_21_023.PNG,dutch,true
d_21_024.PNG,dutch,true
d_21_025.PNG,dutch,true
d_21_026.PNG,dutch,true
d_21_027.PNG,dutch,true
d_21_028.PNG,dutch,true
d_21_029.PNG,dutch,true
d_21_030.PNG,dutch,true
d_21_031.PNG,dutch,true
d_21_032.PNG,dutch,true
d_21_033.PNG,dutch,true
d_21_034.PNG,dutch,true
d_21_035.PNG,dutch,true
d_21_036.PNG,dutch,true
d_21_037.PNG,dutch,true
d_21_038.PNG,dutch,true
d_21_039.PNG,dutch,true
d_21_040.PNG,dutch,true
d_21_041.PNG,dutch,true
d_21_042.PNG,dutch,true
d_21_043.PNG,dutch,true
d_21_044.PNG,dutch,true
d_21_045.PNG,dutch,true
d_21_046.PNG,dutch,true
d_21_047.PNG,dutch,true
d_21_048.PNG,dutch,true
d_21_049.PNG,dutch,true
d_21_050.PNG,dutch,true
d_21_051.PNG,dutch,true
d_21_052.PNG,dutch,true
d_21_053.PNG,dutch,true
d_21_054.PNG,dutch,true
d_21_055.PNG,dutch,true
d_21_056.PNG,dutch,true
d_21_057.PNG,dutch,true
d_21_058.PNG,dutch,true
d_21_059.PNG,dutch,true
d_21_060.PNG,dutch,true
d_21_061.PNG,dutch,true
d_21_062.PNG,dutch,true
d_21_063.PNG,dutch,true
d_21_064.PNG,dutch,true
d_21_065.PNG,dutch,true
d_21_066.PNG,dutch,true
d_21_067.PNG,dutch,true
d_21_068.PNG,dutch,true
d_21_069.PNG,dutch,true
d_22_013.PNG,dutch,true
d_22_017.PNG,dutch,true
d_22_018.PNG,dutch,true
d_22_019.PNG,dutch,true
d_22_020.PNG,dutch,true
d_22_021.PNG,dutch,true
d_22_022.PNG,dutch,true
d_22_023.PNG,dutch,true
d_22_024.PNG,dutch,true
d_22_025.PNG,dutch,true
d_22_026.PNG,dutch,true
d_22_027.PNG,dutch,true
d_22_028.PNG,dutch,true
d_22_029.PNG,dutch,true
d_22_030.PNG,dutch,true
d_22_031.PNG,dutch,true
d_22_032.PNG,dutch,true
d_22_033.PNG,dutch,true
d_22_034.PNG,dutch,true
d_22_035.PNG,dutch,true
d_22_036.PNG,dutch,true
d_22_037.PNG,dutch,true
d_22_038.PNG,dutch,true
d_22_039.PNG,dutch,true
d_22_040.PNG,dutch,true
d_22_041.PNG,dutch,true
d_22_042.PNG,dutch,true
d_22_043.PNG,dutch,true
d_22_044.PNG,dutch,true
d_22_045.PNG,dutch,true
d_22_046.PNG,dutch,true
d_22_047.PNG,dutch,true
d_22_048.PNG,dutch,true
d_22_049.PNG,dutch,true
d_22_050.PNG,dutch,true
d_22_051.PNG,dutch,true
d_22_052.PNG,dutch,true
d_22_053.PNG,dutch,true
d_22_054.PNG,dutch,true
d_22_055.PNG,dutch,true
d_22_056.PNG,dutch,true
d_22_057.PNG,dutch,true
d_22_058.PNG,dutch,true
d_22_059.PNG,dutch,true
d_22_060.PNG,dutch,true
d_22_061.PNG,dutch,true
d_22_062.PNG,dutch,true
d_22_063.PNG,dutch,true
d_22_064.PNG,dutch,true
d_22_065.PNG,dutch,true
d_22_066.PNG,dutch,true
d_22_067.PNG,dutch,true
d_22_068.PNG,dutch,true
d_22_069.PNG,dutch,true
d_23_013.PNG,dutch,true
d_23_017.PNG,dutch,true
d_23_018.PNG,dutch,true
d_23_019.PNG,dutch,true
d_23_020.PNG,dutch,true
d_23_021.PNG,dutch,true
d_23_022.PNG,dutch,true
d_23_023.PNG,dutch,true
d_23_024.PNG,dutch,true
d_23_025.PNG,dutch,true
d_23_026.PNG,dutch,true
d_23_027.PNG,dutch,true
d_23_028.PNG,dutch,true
d_23_030.PNG,dutch,true
d_23_031.PNG,dutch,true
d_23_032.PNG,dutch,true
d_23_033.PNG,dutch,true
d_23_034.PNG,dutch,true
d_23_035.PNG,dutch,true
d_23_036.PNG,dutch,true
d_23_037.PNG,dutch,true
d_23_038.PNG,dutch,true
d_23_039.PNG,dutch,true
d_23_040.PNG,dutch,true
d_23_041.PNG,dutch,true
d_23_042.PNG,dutch,true
d_23_043.PNG,dutch,true
d_23_044.PNG,dutch,true
d_23_045.PNG,dutch,true
d_23_046.PNG,dutch,true
d_23_047.PNG,dutch,true
d_23_048.PNG,dutch,true
d_23_049.PNG,dutch,true
d_23_050.PNG,dutch,true
d_23_051.PNG,dutch,true
d_23_052.PNG,dutch,true
d_23_053.PNG,dutch,true
d_23_054.PNG,dutch,true
d_23_055.PNG,dutch,true
d_23_056.PNG,dutch,true
d_23_057.PNG,dutch,true
d_23_058.PNG,dutch,true
d_23_059.PNG,dutch,true
d_23_060.PNG,dutch,true
d_23_061.PNG,dutch,true
d_23_062.PNG,dutch,true
d_23_063.PNG,dutch,true
d_23_064.PNG,dutch,true
d_23_065.PNG,dutch,true
d_23_066.PNG,dutch,true
d_23_067.PNG,dutch,true
d_23_068.PNG,dutch,true
d_23_069.PNG,dutch,true
d_24_013.PNG,dutch,true
d_24_017.PNG,dutch,true
d_24_018.PNG,dutch,true
d_24_019.PNG,dutch,true
d_24_020.PNG,dutch,true
d_24_021.PNG,dutch,true
d_24_022.PNG,dutch,true
d_24_023.PNG,dutch,true
d_24_024.PNG,dutch,true
d_24_025.PNG,dutch,true
d_24_026.PNG,dutch,true
d_24_027.PNG,dutch,true
d_24_028.PNG,dutch,true
d_24_029.PNG,dutch,true
d_24_030.PNG,dutch,true
d_24_031.PNG,dutch,true
d_24_032.PNG,dutch,true
d_24_033.PNG,dutch,true
d_24_034.PNG,dutch,true
d_24_035.PNG,dutch,true
d_24_036.PNG,dutch,true
d_24_037.PNG,dutch,true
d_24_038.PNG,dutch,true
d_24_039.PNG,dutch,true
d_24_040.PNG,dutch,true
d_24_041.PNG,dutch,true
d_24_042.PNG,dutch,true
d_24_043.PNG,dutch,true
d_24_044.PNG,dutch,true
d_24_045.PNG,dutch,true
d_24_046.PNG,dutch,true
d_24_047.PNG,dutch,true
d_24_048.PNG,dutch,true
d_24_049.PNG,dutch,true
d_24_050.PNG,dutch,true
d_24_051.PNG,dutch,true
d_24_052.PNG,dutch,true
d_24_053.PNG,dutch,true
d_24_054.PNG,dutch,true
d_24_055.PNG,dutch,true
d_24_056.PNG,dutch,true
d_24_057.PNG,dutch,true
d_24_058.PNG,dutch,true
d_24_059.PNG,dutch,true
d_24_060.PNG,dutch,true
d_24_061.PNG,dutch,true
d_24_062.PNG,dutch,true
d_24_063.PNG,dutch,true
d_24_064.PNG,dutch,true
d_24_065.PNG,dutch,true
d_24_066.PNG,dutch,true
d_24_067.PNG,dutch,true
d_24_068.PNG,dutch,true
d_24_069.PNG,dutch,true
